date,AAPL_actual,AAPL_pred,AAPL_std,AAPL_correct,AMZN_actual,AMZN_pred,AMZN_std,AMZN_correct,GOOG_actual,GOOG_pred,GOOG_std,GOOG_correct,GOOGL_actual,GOOGL_pred,GOOGL_std,GOOGL_correct,MSFT_actual,MSFT_pred,MSFT_std,MSFT_correct,TSLA_actual,TSLA_pred,TSLA_std,TSLA_correct
2019-01-02,0.0577163342490938,-0.01124475999956152,0.011250713944158384,0,0.079308720372646,0.037493096349326925,0.009843110089006344,1,0.0155522972202209,-0.0031592483284991367,0.004587445456843578,0,0.013134405836863,-0.0016489038592595578,0.004533338047824402,0,0.0269730731148286,0.00933912009028074,0.0028392498155360847,1,0.1311400969564332,0.0300802596832488,0.015346606766825524,1
2019-01-03,0.0378468225759555,-0.006848669060189428,0.012617041138746347,0,0.0569999744689542,0.03100537888422123,0.01175714670864027,1,0.0117180836406104,-0.003923300401207,0.0054913393532357874,0,0.0085845904973062,-0.0020094696251596426,0.005467555404329035,0,0.0233654412608544,0.012443707447075708,0.004287372376730415,1,0.0928104375702103,0.018940013877479737,0.011582170978832101,1
2019-01-04,0.0293880999708266,-0.014339104908173281,0.010523600681009809,0,0.0450911480037823,0.03064440108172052,0.013069071707708076,1,0.0052730045861525,-0.012040142744679752,0.007221880843647095,0,0.0051250628719097,-0.012011293418369028,0.007214416089367335,0,0.0331562649234457,-0.0013263050335042426,0.006472563725740944,0,0.0705893055107221,0.02578758467552089,0.016408710016532057,1
2019-01-07,0.0359722183112817,-0.011187759412737504,0.008935027914647455,0,0.0114676537749117,0.02543025897873943,0.008598943444863233,1,0.0045162533734641,-0.0009751743957577084,0.003826515781112412,0,0.0032320531911832,-0.001194399426087107,0.0038804549564885843,0,0.0227095915867562,0.003258763422187484,0.003185346431225806,1,0.0119604528017655,0.025184748494266444,0.015726393672698336,1
2019-01-08,0.030206937187019,-0.014334959124363725,0.008598684664819072,0,0.0243439065867959,0.014480846563347156,0.007798346185496792,1,0.0076272359948118,-0.000894679134064145,0.004470492674941489,0,0.0102298780160788,-0.001717172695468127,0.004429037919360349,0,0.0217600820619023,-0.005505683782577136,0.0057640327334258995,0,0.0352011849734536,0.021848687344317434,0.014727519558770358,1
2019-01-09,0.0283279168801229,-0.010054512599877061,0.009510441726950487,0,0.0336316908963476,0.0012494727211904682,0.005206240707270204,1,0.0286607858366154,-0.0037662197308318632,0.00335341622318883,0,0.0301041073788188,-0.0031514256561439302,0.0034265232325941353,0,0.0434993006265239,-0.005248552071886093,0.00475304207796431,0,-0.0961123944900803,0.008941004963336227,0.005316541063744687,0
2019-01-10,0.0027472406824375,-0.012146423610476296,0.009584270858231346,0,-0.0051080458586426,0.004041848088342383,0.004856672657784607,0,0.0069037843540169,-0.00102826795097992,0.0030229195307984644,0,0.0081596226465468,-0.0005197765521426888,0.0029435383232488555,0,0.0241302239059779,-0.0008243981004603862,0.005079005977150775,0,-0.1261948123952628,0.005538957071536777,0.003963384866935425,0
2019-01-11,0.0203512889706017,-0.008203471356779029,0.007298322348154102,0,0.0154922721555727,0.007688072917760845,0.004075494199279644,1,0.0273658934217965,0.0031243751157284064,0.002706299543749701,1,0.0294967146102526,0.003785724900995685,0.0027709404392643995,1,0.0472031156679834,0.0010832972807460171,0.004690910291349793,1,-0.1600268934036467,-0.005859723031655058,0.006266913568140912,1
2019-01-14,0.0161708431935313,0.0017158720225952722,0.006875047262343778,1,0.0140502780091528,0.006430618308025805,0.004954762560396053,1,0.0225963220009594,-0.0012978471427677026,0.00329696296862019,0,0.0245649757511579,0.000139591432888872,0.0031947337120223993,1,0.0359964367877771,-0.0005692081314129151,0.005200131663730679,0,-0.1298208663712686,-0.004436529090706409,0.007761559421812201,1
2019-01-15,0.0305722015926435,-0.0038451013127632355,0.004952886573682646,0,-0.0081046565481371,0.009140048284602565,0.004322583014007634,0,0.0101759168836805,0.009899611284283669,0.0034526501436052295,1,0.0105596419868119,0.00926821543611271,0.0035764387556324584,1,0.0181455063077319,-0.00266964549887928,0.004931872875827355,0,-0.1384650803509477,-0.0005477190034432985,0.007161188941087466,1
2019-01-16,0.0136187168941417,0.0002664433201298583,0.00319990479156932,1,-0.0250654674711681,-0.003208043382009161,0.004683868336459697,1,-0.0086987270635432,0.006562376686166178,0.0023602908073140395,0,-0.0074724997066022,0.005864609330494077,0.0023889765985086442,0,0.0007619222005206,-0.007614745153431926,0.007124121631849417,0,-0.1439299494588134,0.01620616205517461,0.00803816419716328,0
2019-01-17,-0.017904808407738,-0.003330730578802737,0.0027943985743182583,1,-0.0689953242506936,-0.005456623337681701,0.006261600839208799,1,-0.0358000044389204,0.007017895367893837,0.0031448778011357098,0,-0.0347557784343212,0.006177807586595752,0.0031695058167265774,0,-0.0420621317846217,-0.008939161144915272,0.007371446036117068,1,-0.079071233885207,0.01357945541451457,0.006438138677566686,0
2019-01-18,0.0565181007027374,-0.00686990799789104,0.004191248528365273,0,-0.006287891903071,0.0019078862518393715,0.005033468709376182,0,0.0009743185604319,0.004315419702470575,0.0030113702451984485,1,0.0018156845204151,0.003292404077755164,0.003038188468221118,1,-0.0034660678836725,-0.007534799711963235,0.007300413443001593,1,0.0129584069107765,0.02791095108185812,0.013554072480777673,1
2019-01-22,0.0797275967015277,0.0011219625413992785,0.004153667312577519,1,0.0378804229883756,0.0071676349765816775,0.004501664427329979,1,0.0362185180447312,0.006914427939710674,0.0031708120306530464,1,0.0359108163175683,0.0071310060485794665,0.0032100306327495056,1,-0.0159253901023923,-0.000614575519681854,0.004956030738971864,1,0.0496409880809294,0.011622180795905433,0.009201344501320482,1
2019-01-23,0.0805269198167519,-0.002798891534798122,0.0038535281866098913,0,-0.0090428600279165,0.014122092285967808,0.0034453295967246476,0,0.0318352595060125,0.00031424867920717666,0.003927345673350695,1,0.0333576456806904,0.0004924229463066972,0.00400198226168846,1,-0.0381808142218881,0.0001101138932147307,0.003499207455143538,0,0.10309858602139,0.015835696038062116,0.011423593739721224,1
2019-01-24,0.1014278666439898,-0.0018944807082183473,0.004650049949390996,0,-0.0222627604946123,0.018346853035344755,0.004156678113136171,0,0.0440553445420506,-0.002992917491103123,0.0042121747609737805,0,0.0431262753889699,-0.002837076777014208,0.004259980072446471,0,-0.0139873184434925,0.003567873178454874,0.003408629817548595,0,0.0628418053584216,0.007967745746290951,0.008885946155065199,1
2019-01-25,0.118043521292618,-0.00244684360996973,0.004736356491065468,0,0.0092602736022674,0.021944946589601676,0.0030906373585492287,1,0.0609937930176336,0.000847921671303258,0.00336441738447056,1,0.0566936544196192,0.00025975632721796094,0.0034194547496783035,1,0.0090344350195088,-0.001406556283489186,0.004635226399269107,0,0.0970946778390458,0.01004147736183637,0.009222013452944301,1
2019-01-28,0.11513603515625,-0.0010728535320354915,0.005122165968644462,0,0.0055110374902606,0.02304066545448693,0.003344467753261211,1,0.0396669320088604,-6.755893170549282e-05,0.005746327678487579,0,0.0387126971006833,-0.0002871124295719938,0.005862270846956232,0,0.010964927116657,0.00497104638796387,0.004677176062036879,1,0.0743387849213991,0.006111889979471027,0.010555539509125985,1
2019-01-29,0.0471056811112174,-0.007033284972320702,0.0075254714245541025,0,-0.0053173166252695,0.029241548312943177,0.0038400210344959286,0,0.0283405611077603,0.004967690049947004,0.005581201902247172,1,0.0265000085545302,0.004626312994526928,0.005669128085041766,1,0.0062129026899265,0.010892686724114926,0.005048338656228974,1,0.023498077123488,0.00796629151443462,0.010048871981145572,1
2019-01-30,0.0258864790557941,-0.0049994435231466095,0.00999837238821949,0,-0.0618070156196785,0.02982566861605195,0.00583093209587941,0,-0.0071984962885312,0.002025831738303848,0.006145869722104086,0,-0.0088649800745653,0.0014094896536090214,0.006181674388871505,0,0.0180153666879479,0.007702786012368404,0.0035940376832972847,1,0.0159468032988995,0.004722704196614113,0.006167625325640913,1
2019-01-31,0.0147938779503469,-0.003475488203880997,0.009105682692148854,0,-0.0292150766011915,0.020788670444772787,0.005561363245161255,0,-0.0156328787008049,-0.012185128591401407,0.006446208903186256,1,-0.0179722204094063,-0.012923946245920054,0.006501455795419583,1,0.0141645908459615,0.007500154968833789,0.0045660366337119205,1,0.0242943572259121,0.0024528233383824542,0.007443897554704547,1
2019-02-01,0.0207872627167662,-0.0022920213986209366,0.008879379127373615,0,0.0092483116239217,0.02160282408205328,0.007123537709032313,1,0.0078280522980421,-0.011814943809967338,0.007474422410453444,0,0.0076585072647003,-0.011832791755261786,0.007538090052541039,0,0.0390784148511161,0.01234916745575773,0.0027781135412847185,1,-0.0037383008072855,-0.005111537330750046,0.005472047273961702,1
2019-02-04,-0.0155039218159636,0.003858385511494696,0.006353505312521584,0,-0.0020324253591953,0.023003645611442226,0.003429296597897145,0,-0.0041605310824923,-0.012068390158326035,0.005843272866907416,1,-0.0008852456075684,-0.011343295784948824,0.005870531466540727,1,0.0070714691426016,0.007973914727830553,0.003001932356340481,1,-0.0138243685930564,-0.016432733021840826,0.015655077775999754,1
2019-02-05,-0.0220440365260388,0.004067009322896064,0.004027820296356927,0,-0.0287894511961319,0.022422427092407358,0.004259007050611422,0,-0.0157075942569737,-0.008982945325772507,0.003847625081204498,1,-0.0174633184702415,-0.007799429455334043,0.0038080312278915567,1,-0.0009345651787018,0.0020934738962975173,0.002521362817898272,0,-0.0495009465424344,-0.018983327401823666,0.015567635739280583,1
2019-02-06,-0.0114848944178497,0.006560926043624028,0.004518885885043228,0,-0.0104923377403846,0.019063602102373206,0.0030446516313442384,0,0.0085947597636291,-0.014625978821435955,0.007331389143213917,0,0.0070245713973901,-0.013355298384057412,0.00727918740125795,0,0.0288050072152501,0.0010860179076750427,0.0031992640916342885,1,-0.0172996588615822,-0.01846120007394861,0.015485711469689925,1
2019-02-07,0.0114798930087949,0.010124016170001818,0.005418074749782722,1,0.0262168701479744,0.025125859477380712,0.005196765406969934,1,0.0290340925425483,-0.014707047563458059,0.007259185978162412,0,0.0288890149986782,-0.013043873020784092,0.007243612437010012,0,0.0362103534955257,0.0021653545373077005,0.0025693530433686016,1,-0.003878277795211,-0.016693307570529038,0.015712353746916645,1
2019-02-08,0.0057292938325322,0.005156151845457906,0.0026340657383456907,1,0.013191917060077,0.04198617795650907,0.0069177555019067395,1,0.0153608627615589,-0.00606725874617541,0.007188783730838263,0,0.015257047175821,-0.004923507863265755,0.007118939265625359,0,0.0089454294250093,0.007904093988775097,0.0022220066551879095,1,-0.029011580127886,-0.01143994748232606,0.01548264254677118,1
2019-02-11,0.0056436885398693,0.00301916167935495,0.0025419231683382754,1,0.0096258986323254,0.049288154034721005,0.008100405610036084,1,-0.0088815302596056,0.0009159478151983722,0.006502443539143745,0,-0.0061206008661969,0.0014614039003306972,0.006546892574655136,0,0.0308084067388816,0.006120113780312122,0.0022679839700580897,1,-0.0789690077695318,-0.019945944848226253,0.01923121361498212,1
2019-02-12,0.0092187515997512,-0.0014329617193442647,0.0025457065778949077,0,-0.0093745849461141,0.040164471037935856,0.008228126979392066,0,-0.012995666845126,0.00044903164010167817,0.004008036753064912,0,-0.0145449233041983,0.00022324593058887458,0.004007517829415628,0,0.0322790811228197,0.002647404451172659,0.002496025873902145,1,-0.0564751538458156,-0.015934515439138583,0.020442470389153134,1
2019-02-13,0.026633603410862,-0.00021339129527179687,0.001514647464815201,0,0.005232379193598,0.05331034607570751,0.012135065265474036,1,-0.0077367059042919,0.0039365501082196325,0.0038539469531593427,0,-0.0068178168402777,0.0034366142158454506,0.0038485610331384958,0,0.0496660605827475,0.006714874231263927,0.0017536380839816978,1,-0.0151955164972765,-0.01753804277566251,0.020169038664450724,1
2019-02-14,0.0179854121521441,0.0015514020667190143,0.0017415712117500295,1,0.0052461754323764,0.0514403073106725,0.01071444549485101,1,-0.0132291092252162,0.005911828052189662,0.004077305367371948,0,-0.0151760188900934,0.004870272251387136,0.004062752809924169,0,0.0412380390809376,0.006957442351044743,0.0019497035838679038,1,-0.0218062878438013,-0.005759867808370732,0.012973814851612123,1
2019-02-15,0.030404738667061,-0.003931395414226215,0.0025566531449993596,0,0.0250405782762726,0.054259089076659904,0.011172416173187243,1,0.0054504944397522,0.0013396243003678523,0.0042746246868460265,1,0.0055971485151978,0.001265994964327681,0.004358136122357646,1,0.0406345413880318,0.005400028543905193,0.0020658936345373646,1,0.026683170475358,0.014511350810545165,0.004403004483521286,1
2019-02-19,0.0114492168183067,0.00046954127875863463,0.0023405237958914775,1,0.0060306478863113,0.05125314014444286,0.012000448690692951,1,-6.245260196286457e-05,-0.0028297539614819565,0.003553964523257327,1,-0.002063953692695,-0.002509037098378554,0.0036151793894992883,1,0.0386612103221618,0.004382005966943176,0.0017497994832811276,1,0.0508196216766732,0.010777541296577958,0.0032525418628534006,1
2019-02-20,0.0184516770234881,-0.0006692035417886696,0.006370723015591143,0,0.0320276603788855,0.031486797487346466,0.006705901336631072,1,0.0271416453690499,0.0008863668226229337,0.0017210716742286172,1,0.0265825179709954,0.0011467928726033912,0.0017695814813834742,1,0.0526660165861179,0.0024857979096244718,0.0023837502962531527,1,-0.0232596304643915,0.006232295254613912,0.0031184561206825502,0
2019-02-21,0.024886375025601,0.001314635847243598,0.004748368181153682,1,0.0447613452080766,0.019671487133416213,0.003646434297852165,1,0.0426015290889146,0.006688319308824237,0.0023510393811126584,1,0.0393981208409244,0.006935600514950901,0.002325337666532379,1,0.0200817721325577,-0.004967798413405244,0.004417800846718013,0,-0.0310027681265031,0.0062034497536557955,0.006140496969715654,0
2019-02-22,0.0078663016099003,-0.0015544696162217275,0.004731647882343504,0,0.0310579695120563,0.03178173377068288,0.0057633847782635325,1,0.0412455459649417,0.016294632034816972,0.004984178192460963,1,0.0421237380521129,0.015969704940101945,0.005000350595005264,1,-0.0005369111206273,-0.0024590573664617123,0.002157776415654751,1,-0.0717330564750871,0.01722944853596358,0.005670806631885546,0
2019-02-25,0.0046629297523888,0.0012838541030586988,0.0037897597713985464,1,0.0264271216246692,0.03165709688139505,0.0055649826328024055,1,0.0471263715591792,0.012580142656139636,0.0033011401456529074,1,0.0453798527514594,0.012408024376171306,0.003296049209779267,1,0.0044040792230935,-0.0015391371691641752,0.002654635227668811,0,-0.0546848638682299,0.013899385618899397,0.004927338111587118,0
2019-02-26,-0.0040991090950078,2.351144570380062e-05,0.004777129137777399,0,-0.001369690369305,-0.00046508600209371927,0.0037630642013136433,1,0.0328380678979821,0.012645511408994193,0.0035137986013840856,1,0.0330696901260907,0.01229434015930252,0.0034687969623150745,1,-0.0116393860089652,-0.003921634693592385,0.002375677101405568,1,-0.0834714114364771,0.017562371564786447,0.008064145575641913,0
2019-02-27,-0.0080885934079092,0.0014176301116010145,0.004833343272118811,0,-0.0088365394721755,-0.00162478447630896,0.0036030298946045595,1,0.0279131612507785,0.010000939607998367,0.003248318640009047,1,0.027676470690907,0.009653898214262116,0.0032418414207112784,1,-0.0136558261941679,-0.00022978289704131925,0.002104508721282691,1,-0.1090555541042514,0.011732045346596203,0.009324804182790478,0
2019-02-28,0.0265090380396325,0.002105795914988071,0.005168091175855509,1,0.0093587755576165,0.0007590315782119014,0.004091377301950939,1,0.0452128938107672,0.01886745027196401,0.009369990450821054,1,0.0426702119943634,0.018550747188263567,0.009392323186358275,1,-0.0005314692082394,-0.0004366300430730923,0.0025257892572833522,1,-0.0521925747255118,0.006210145417732104,0.006239816217115862,0
2019-03-01,0.029711430065259,0.0005032263786000192,0.003513397330764317,1,-0.0070623290291172,-0.00495735048409445,0.004755937334766764,1,0.0402880245956265,0.015579094390156364,0.00935824987082884,1,0.0369750720965059,0.015053898980449173,0.009401668959060992,1,0.0053088490650954,-0.00022693181126921293,0.0027419447373953497,0,-0.0495102978913675,0.019721187970235837,0.010665093156989694,0
2019-03-04,0.0327952949436984,0.004742125277863611,0.0036192587554301804,1,-0.0071287430201756,0.005737398614351751,0.0027287322937871866,0,0.0376153291926415,0.011128125543332219,0.009929309227348799,1,0.0372491856347318,0.011502616279194144,0.009929961396911996,1,0.0200445434298441,0.0021583975978724454,0.0019960068321296202,1,0.0246808207626883,0.030636581571743808,0.017172483684877737,1
2019-03-05,0.0518692257031494,0.0011401145503705115,0.0032147568883228806,1,-0.0057489225448713,0.007157358183910772,0.0022699984037980354,0,0.0198367803486211,0.00998986567519111,0.00849009229299142,1,0.0177254893136389,0.00999794664073652,0.008490712908274375,1,0.0243138779344642,0.00741437970692331,0.0013016561719302378,1,0.048755714457117,0.03606259964967136,0.018662062406345273,1
2019-03-06,0.0704549395756499,0.0054164413618056914,0.002102642593836834,1,0.0269826075592855,0.013347859198549293,0.002578806388497771,1,0.0248676071738121,0.014177446046187545,0.011402752097976062,1,0.0256786288911029,0.014671734584505316,0.011405022827149225,1,0.0404847582985245,0.009293270425780901,0.002344981836549637,1,-0.0122292486977988,0.03674272758015627,0.019810600674883647,0
2019-03-07,0.103922006734938,0.007039922928029699,0.004761699906779063,1,0.0861216662037054,0.0032639621465141936,0.004151635014929466,1,0.0510592868691937,0.012528827807639826,0.008386414972787628,1,0.0481965104836316,0.0127429621432924,0.008380338807661154,1,0.077042833918794,0.013084330990832387,0.002257174931783905,1,-0.0267957579343663,0.04295806555456311,0.024950224364622384,0
2019-03-08,0.0629095272697045,0.00438495338956104,0.0038545592867958276,1,0.0834686129414259,0.005345576717688401,0.003917269392809596,1,0.0475337731967735,0.019504479311460616,0.011431362561023999,1,0.0438020494249132,0.019812628492411284,0.011435070026414333,1,0.0600054400422996,0.012609232688184311,0.0021552348093417744,1,-0.0566097221180224,0.03975108933099107,0.021835707293002715,0
2019-03-11,0.0453333536783849,0.00443321053277544,0.008197606996056494,1,0.0768544155369982,0.017962432743290367,0.003942493247397656,1,0.0387944601010369,0.010080444221982069,0.008729278578054207,1,0.0373255544787919,0.010454473822085603,0.00871469214202382,1,0.0416592533323487,0.004212588515793527,0.002573263920022154,1,-0.0449927905694512,0.04378250934309911,0.022352982468987943,0
2019-03-12,0.0704526548032409,0.006703668400643305,0.00802655531765887,1,0.0809625726474301,0.013296016671158446,0.0024268051967126776,1,0.0257320182307605,0.015512883265599353,0.011521957205966792,1,0.025042871333161,0.016087133225523003,0.01150917748698482,1,0.0533602393222066,0.0015318037941545667,0.0022368581227631603,1,-0.0348010042100069,0.037748663069803616,0.02119281428415842,0
2019-03-13,0.0388798770667609,0.002330402662693772,0.004598791265907115,1,0.0435016973057481,0.022006318896336894,0.003972712445581461,1,0.0092004170283439,0.013846527659114495,0.010744505879701893,1,0.0071975486165663,0.013374533771295124,0.01069976021696855,1,0.0219137603995792,-0.0006472655066510347,0.0025395251634557662,0,-0.0954693529230193,0.042029956084537815,0.02680796475301774,0
2019-03-14,0.0210440858058187,0.006271402882213742,0.0019931564910548533,1,0.0418438107842777,0.031263495499206984,0.005993368955223741,1,-0.0003184273921614,0.017534332235727947,0.010391070126460525,0,-0.0005175251395555,0.017662087379250263,0.010419542862510995,0,0.0201145083915404,0.0010170652826268249,0.0018722588499388774,1,-0.0814433196096988,0.028345774507184326,0.01953847723974496,0
2019-03-15,0.0053282573633716,0.008124873462132002,0.005131923732612323,1,0.0414900803524451,0.01729865597218857,0.006514028908954407,1,0.0011154789441356,0.01040464926398731,0.010799458014180323,1,0.000126103792964,0.009808532359174019,0.010919898703907308,1,0.0149780969319941,0.0023900392823390515,0.006164563488174171,1,-0.0298188803852468,0.036514296067669906,0.02226703007808299,0
2019-03-18,0.0006370858152326,0.006248449613753368,0.002925198308407552,1,0.0069517375654327,0.0073782136456682305,0.0029665642080841867,1,-0.0132822219566161,0.009741685281533592,0.007827418690300871,0,-0.0115043477281084,0.010716738468141472,0.007868553137003614,0,-0.011177912911838,0.0016128795150957206,0.004562620579493921,0,0.0274018189617406,0.03649710402080568,0.01997630793789395,1
2019-03-19,0.0133705930853752,0.005597950981018464,0.003954852372502159,1,0.001966226343419,-0.0027279186997613224,0.002850950898315233,0,-0.0241032162191672,0.0023581861580832617,0.004934663520418552,0,-0.0242467157406789,0.003701103442510392,0.004935130372171821,0,-0.0039185542794475,0.0018936050021558376,0.004559922434169633,0,0.0331120642031267,0.03257560929046218,0.01647367699213386,1
2019-03-20,-0.0003684208117285,0.0056619653360439805,0.0047750333581551485,0,-0.0086346128518714,-0.0008109431168911861,0.0031976265072467523,1,-0.0351068597090871,0.005595856414652749,0.005871962265877095,0,-0.0353360535668545,0.005939165834476814,0.005810129947999287,0,0.0068294609520758,0.0039765180058111155,0.00324438203379291,1,0.0266323517442989,0.027240706227073704,0.014544854910983061,1
2019-03-21,-0.0209889982675876,0.0018834397975008724,0.005326539725666635,0,0.0022207291930298,0.0002064638728679724,0.0032894397515214045,1,-0.0260045452857765,0.005790124503655514,0.004559879540506276,0,-0.0243072756728867,0.0053152686197142415,0.00448481808336344,0,-0.0040167644931681,0.001591168568187173,0.00356942934982645,0,0.0608995778166372,0.029801930759695863,0.014425514496106758,1
2019-03-22,0.013106416571566,0.007734884242547273,0.006630584182845234,1,0.0319662417908673,0.0068772075379509735,0.004414832667856544,1,0.0029742226894548,0.0066046196407895524,0.004891682401189459,1,0.0049851447002664,0.00737365146647046,0.004886094648951819,1,0.0225635289799177,0.007644089427836788,0.004191451115114128,1,0.1007662942850659,0.03697934610987253,0.021946668028577577,1
2019-03-25,0.0192528559475124,0.00021180965516725582,0.0035452143685507594,1,0.0154489409770635,-0.007291228419198701,0.004715189924226074,0,0.0061658986156341,0.00807359119755756,0.0030992817692181733,1,0.0046632626065085,0.009046694538984806,0.0029535078227299542,1,0.0113808669942892,0.00789073429113915,0.00329255347463142,1,0.1035017201047409,0.04324871582939839,0.021270827462624504,1
2019-03-26,0.0367682248551324,0.0006139577850517702,0.0035547399402805968,1,0.0194660592970808,-0.004761272546615927,0.004847225103788313,0,0.0248840151834668,0.006161471550141234,0.003390882365489116,1,0.0230971090438559,0.0066813950234684266,0.003295237864243217,1,0.0125551695912573,0.012235148986294296,0.0036803325259032243,1,-0.0036093068677325,0.03395591035813281,0.018590119356817106,0
2019-03-27,0.0426038802951814,0.004874612468069411,0.0027362441475854288,1,0.038011315986935,-0.01356574556470801,0.006994682417574821,0,0.0303958756544579,0.006336597982165514,0.0021562391745644604,1,0.0305826892146958,0.006616969988493262,0.002089138409872305,1,0.0208616902018932,0.012439629002561585,0.0030913035465957852,1,-0.0079376972794145,0.016600606453069874,0.011337825202761678,0
2019-03-28,0.054101059755565,0.0012221773562214478,0.001576394467075133,1,0.0354196458336052,0.01798806684354485,0.00279341236494033,1,0.024631833181451,0.01612276974023246,0.003228731462058421,1,0.0238099055288897,0.015848037944069887,0.0032491379973968375,1,0.0157533718570264,0.016633893929748327,0.005511672549657573,1,-0.0197344806569809,0.017422880231307104,0.011538929088993836,0
2019-03-29,0.0410144053192693,-0.0010780806616908709,0.003020402870269053,0,0.0198487763300595,0.021491483981129704,0.0029221356732141747,1,0.01110550180322,0.019071377607543398,0.0034634828447932557,1,0.0127573823579961,0.017954524190025387,0.003425140106105389,1,0.002774290370081,0.01376651559973757,0.005503416201725242,1,-0.0364800712501562,0.020382306476618466,0.011461041201903988,0
2019-04-01,0.0498717827302986,-0.00520977939267178,0.003454305175603183,0,0.0200494396151599,0.02005354207336339,0.0032761168709758317,1,0.0057223908225244,0.01964203797409142,0.004490120085128418,1,0.0053330295265598,0.018540699916873606,0.004474619426136445,1,0.0094910541406348,0.013924807767097126,0.005655625381493729,1,-0.0424557431586321,0.023240428341620496,0.015034672804116597,0
2019-04-02,0.0294954563945261,0.0021304802097685364,0.003298052410780846,1,0.0094978846589492,0.01420473514632153,0.002880495116365546,1,-0.0023685571585644,0.013511157107025249,0.00431138261730142,0,-0.0025645134631672,0.01262425942961076,0.0042728019145033755,0,0.0039212516127963,0.010198066764656994,0.005450065316646512,1,-0.0657802917120114,0.015236493531117239,0.011568866806973157,0
2019-04-03,0.0209456438815183,0.003809476543450964,0.001776231846408143,1,0.0123088094247545,0.03023762138517193,0.006671744449361607,1,0.0098927428318078,0.009702501437809572,0.00405996659266202,1,0.0094444278722081,0.009248452653325528,0.004064311742633221,1,0.0070774228552905,0.009905149566554344,0.005436276052482823,1,0.0221848762213905,0.012117368307909627,0.011508340187226608,1
2019-04-04,0.0141511775132746,0.0032179581903076897,0.0021447148468445284,1,0.0086768699383201,0.025983980873327622,0.005564655290435156,1,0.0050288359580508,0.01250556938721308,0.006860109267419639,1,0.0059296155000557,0.012818010817510076,0.0068669954996211195,1,0.0139040428058942,0.013655577577398777,0.005505422927870749,1,-0.0128955038080819,0.030497768363026,0.017294128941871153,0
2019-04-05,0.0144079108921513,0.0036802410978311346,0.0018551886888899718,1,0.0162609486596589,0.023609787045895864,0.005682578284496684,1,0.0159285944920861,0.007987325102595538,0.005578787321084352,1,0.0171743682074317,0.008362562382067486,0.005600057855421347,1,0.0080126792758104,0.012815016109308033,0.0067289733433529755,1,-0.0155929887708413,0.026482720531873928,0.01587460931256097,0
2019-04-08,0.0140275432101285,0.006479488185621336,0.0024199433371007105,1,0.0104741592514585,0.027458673728338497,0.007059506935386126,1,0.0337290684116325,0.011673243954100068,0.007625107250959985,1,0.0318248754327062,0.012063690651168316,0.007653719517914701,1,0.0264688482032143,0.013691068553285418,0.006778988629179934,1,-0.0015460442466134,0.028477818314832926,0.01574782956603489,0
2019-04-09,0.0260721165971825,0.00642684752556334,0.0025199301840200653,1,0.0112384255329983,0.028068759995408976,0.00711737769789687,1,0.0297247724703539,0.014487909692846395,0.008181396026429652,1,0.0301886215259027,0.014949153456834001,0.008200517325264096,1,0.0301436251332484,0.015215304870711188,0.006850559331824166,1,-0.0125749099933217,0.035609034822646206,0.022565072978207933,0
2019-04-10,0.0183220939205979,0.003944760956256358,0.0019340824185180565,1,0.0208850048367234,0.0337386569791214,0.007593866177180994,1,0.0372769912114563,0.01833638566838895,0.008117614626378764,1,0.0371081019485507,0.018411536681986248,0.00814536426173473,1,0.0267131341981627,0.008430307499679119,0.002086141652309532,1,-0.0206857549216563,0.03918589976537249,0.02260317466209909,0
2019-04-11,0.041566259569011,0.004232499300586047,0.0021073038686824346,1,0.0407758029223569,0.035300738538804895,0.008296844252006897,1,0.0450826849819214,0.018944812807153256,0.008133629664785366,1,0.0452196993500636,0.019108456820792104,0.008163831535376915,1,0.0397878239061866,0.008445701436970435,0.002086916097661592,1,-0.0233883772321385,0.041040657922271274,0.02283520382228762,0
2019-04-12,0.0432067768755193,0.0028315971119729326,0.0019797265061943063,1,0.0324375678610206,0.01932066282584381,0.0034047351873237874,1,0.0311986863711001,0.018417333551591704,0.009350639678033547,1,0.029376993531447,0.01793193684443015,0.009396648670580767,1,0.0336530478970025,0.0066190227386082,0.002203439007519167,1,-0.0371142502307307,0.03880787199752685,0.019385494735514774,0
2019-04-15,0.0291787419509048,0.003953684364648239,0.0033538651091426217,1,0.027493464274875,0.020628856184281907,0.004196540249492563,1,0.0313877152423469,0.02015413011888913,0.009376173730144897,1,0.0303576957888719,0.019890371708998156,0.00940675223504297,1,0.0617395145060732,0.008767324676487172,0.0030426232833767265,1,-0.0681843654456726,0.03156055154400775,0.01914550432218257,0
2019-04-16,0.0238549159355705,0.0024965089786156075,0.003651094472310009,1,0.0414524450494912,0.013469494886446106,0.002429078843156811,1,0.0317761992789436,0.011993750375770438,0.0062839536239525625,1,0.0326758641433407,0.011849352485541064,0.006309353071226137,1,0.0713461042419221,0.00976606199457116,0.003004653417575667,1,-0.1441674271532358,0.030055485833650922,0.019119024040207978,0
2019-04-17,0.0073355924034187,0.005173413089558187,0.0034967907501424348,1,0.037264761258773,0.011457108169669557,0.0020446910022042155,1,0.0390580062992526,0.011761438471177714,0.007762745832099403,1,0.0411244587725903,0.012013148967130027,0.0077898146233019785,1,0.0620345501236039,0.00750965490284365,0.0033162732085380265,1,-0.1097224074039694,0.040634311206233564,0.026274448703347063,0
2019-04-18,-0.0106493301908488,0.0032159606792493186,0.00213200936739454,0,0.0383313539837034,0.008829064382995277,0.0018929442681649969,1,-0.0384388305253312,0.01038254914985382,0.007736229163575277,0,-0.0304932453021236,0.010682627195354094,0.0077713864348127795,0,0.0650791321007046,0.0040692666117613675,0.003254314460431185,1,-0.1126765708497909,0.03470610247257665,0.022250853975626875,0
2019-04-22,0.0297902060112001,0.0037954913934038484,0.002247338910769357,1,0.0107445372694641,0.0016624232252248025,0.0027800857913454807,1,-0.0660515309323408,0.008298909792830973,0.006334487004407287,0,-0.066303847870613,0.008690540935078515,0.006361184926883206,0,0.0304592975485419,0.00510933945728346,0.0031454327847980994,1,-0.1004804920351052,0.029887036128914912,0.014773009115677714,0
2019-04-23,0.0086322978436732,0.003753738105047434,0.0021934585090785078,1,-0.0125610668628246,0.005895653977762365,0.0023701568114273164,0,-0.0803009288340659,0.003419017041943891,0.0053973889217295325,0,-0.0819146686614134,0.003421030572080746,0.005439005316796371,0,0.003338883582864,0.002401006437028997,0.003223241946244023,1,-0.0748531345201165,0.03039616775698683,0.01592626505181385,0
2019-04-24,0.0237876426310923,0.0068402236071074315,0.0020366943231152055,1,0.0237141162949921,0.0038804733593120026,0.002566297260074127,1,-0.0627544880820338,0.006569488163610592,0.00534436025473825,0,-0.0635676587389675,0.006890818514501455,0.005387308454167344,0,-0.0089189888042768,0.0054541862737844515,0.003103834484186639,0,0.0001176422717524,0.02969461910931845,0.015834552698841233,1
2019-04-25,0.0174719469872861,0.005220534521385925,0.0021645213958784507,1,0.0111716168108475,0.008237223392625937,0.0017820364223461575,1,-0.0627344250209318,0.009051659475519256,0.006709333235313674,0,-0.0627621319942647,0.009662540472255527,0.006731481943507484,0,-0.01195067916907,-0.005626230513631803,0.003948943348141789,1,0.0358620541090898,0.03620742556569126,0.017852151965001863,1
2019-04-26,-0.0075342139536105,0.004195800667941146,0.002632253751783249,0,-0.0143663417136993,0.005082392868708579,0.002768132294225849,0,-0.0784144618634713,0.009072161388967553,0.006780051453257255,0,-0.0793824520221187,0.009425309087495282,0.006821252877786546,0,-0.03371822524417,-0.003795528580098937,0.002645225272669926,1,0.0474857835972995,0.05276065175220393,0.024921215844040757,1
2019-04-29,-0.0007879624940068,0.004062843487134626,0.00182237400333517,0,-0.0063882473502151,-0.009479830776736982,0.0049796208619029975,1,-0.0158058906909282,0.012092749464727931,0.008821098894201655,0,-0.0166718254239621,0.011743932713085062,0.008872545460502907,0,-0.0331253023899205,-0.002805821060457344,0.0026988721692512937,1,0.0114847509185156,0.031015493775853765,0.014557724559139893,1
2019-04-30,-0.0436440034734319,1.9158390991076343e-05,0.004246079951595922,0,-0.0171849066988602,-0.0036591494448099237,0.003896921338877816,1,-0.0216068708305959,0.023282328890050434,0.012535572877022836,0,-0.0246597321894572,0.021863895934795714,0.012423820901460087,0,-0.0385351936438895,0.0030221273553090004,0.004175461066051751,0,0.0131044150891372,0.02369617688341915,0.007767784655377916,1
2019-05-01,-0.0603316997857924,0.010077364944136693,0.0061666829493829374,0,-0.0122038415339952,-0.014208902539967849,0.007188980808901867,1,-0.0029886194125413,0.032615558462605505,0.009961770537919142,0,-0.0042298832003825,0.032362253281060696,0.009944258162959503,0,-0.0066417102767608,0.016726962833024526,0.009075689434733039,0,-0.024437927238473,0.024870133854787122,0.01060964362704432,0
2019-05-02,-0.1193513122565867,0.0037087498021141528,0.0028537768588039396,0,-0.0648126969158864,-0.010006574507628891,0.007284939828919376,1,-0.0354620152953739,0.0367581822388713,0.010604577825190475,0,-0.0346693736034063,0.03688553964470136,0.01068141182652513,0,-0.0314855693860961,0.017326724842105918,0.00608959279937044,0,-0.069097047737809,0.017279574862612855,0.00868875098728153,0
2019-05-03,-0.0765088361529868,-0.00023667782632927348,0.003656872003754152,1,-0.040594785213834,-0.01592462672504554,0.007594382948145083,1,-0.0392880386669376,0.03354770408179911,0.009361765309092163,0,-0.0402218555020797,0.03232054701027528,0.009378101453943202,0,-0.0131339191449572,0.012601631723998395,0.0064145078778712955,0,-0.070834358896209,0.022872800401061724,0.013167289719885296,0
2019-05-06,-0.0726637184722356,0.005447502263353386,0.003576541277888228,0,-0.0354847015535352,-0.017173088374340194,0.007601146947719609,1,-0.0137741833076363,0.0367323700566764,0.010944528273258132,0,-0.0126580219629991,0.035504934870186244,0.010879113456528186,0,-0.0034793803937349,0.01595622718947676,0.0058801413319756685,0,-0.0967678817210869,0.012503913463321555,0.0101245602587119,0
2019-05-07,-0.0585437960512763,0.00734791078377612,0.004123236590881445,0,-0.0058889079806758,-0.012438630697885264,0.00853657064387242,1,0.0059470231867036,0.0336625353872269,0.007956784315925478,1,0.0061242010874749,0.03247669351047042,0.007869075230855376,1,0.0278219879340739,0.01592647183993846,0.004231293612511428,1,-0.0753624379459027,0.011001315772309003,0.00959568990318914,0
2019-05-08,-0.0568861988208094,0.0019910799450904553,0.0034533845277712576,0,-0.0163157894736842,0.0024772072934683333,0.004643422986048176,0,0.0028213415084972,0.034476341688524856,0.005064829401178404,1,0.0053157180807808,0.0336074713775566,0.005049610547638495,1,0.0304127957265078,0.01926176323609985,0.0039014540492149667,1,-0.127975211655798,0.017766501791824322,0.00883844191402141,0
2019-05-09,-0.0725863740450019,0.002444229381951684,0.003086274624013681,0,-0.0205637667528319,0.02168355005868446,0.0029135645146721794,0,-0.0212617768811143,0.013805658197071816,0.002281489155388541,0,-0.0206871191503578,0.014570513295763402,0.0022159415723902024,0,0.0104875311839505,0.018958630143800004,0.003820492329610645,1,-0.1434410819171988,0.0151833227734175,0.00754594877287646,0
2019-05-10,-0.0059133800578016,-0.0041830156047902994,0.0029537883589787666,1,0.0114126193910309,0.012977894820669283,0.002266942740367351,1,0.0067165611822464,0.013686488337438896,0.00408200259591574,1,0.0080332081051345,0.013744113876899678,0.004080474871779821,1,0.022480065279241,0.010732965995213666,0.0035068470352751834,1,-0.1160725542579495,0.0017766451868698658,0.00560401667605346,0
2019-05-13,-0.0194732300386208,0.0021940573605103517,0.0053218761430173945,0,0.0109704015824611,0.032878286554387064,0.006544895609642605,1,0.0124955667782736,0.016569766122467577,0.0051974957143657505,1,0.0118443430326403,0.016824912816430754,0.005144966603138139,1,0.0306772853645402,0.015648110036737106,0.004702249469970732,1,-0.159485420137409,0.013030009687426899,0.007611531622600876,0
2019-05-14,-0.0354861247583532,-0.0059037731648655285,0.00560621394768553,1,-0.0068218337680036,0.04406278186217491,0.006729065495192688,0,0.0204854093177998,0.028913312631983087,0.006467046979539477,1,0.0203019161737855,0.027968134267989823,0.006400312470285442,1,0.0154514577171851,0.017182952197550776,0.0038987335009754254,1,-0.1475231150818205,0.020090304616325216,0.006340352969532712,0
2019-05-15,-0.0576062462768985,-0.0018056993730975988,0.006931043374699987,1,-0.0332247653987606,0.03953267448438228,0.006628373508613449,0,-0.0266550212554611,0.02315541495969942,0.006973721650987259,0,-0.0283570977590684,0.02241204166062506,0.007030360827487182,0,-0.0040236854929426,0.014358662245233075,0.0037583925954977147,0,-0.1693319956433097,0.020048446349090795,0.005586172843418291,0
2019-05-16,-0.0465414716156962,-0.004915038160630986,0.007236300899117699,1,-0.0299094021060023,0.03435477384092668,0.006571784500541816,0,-0.0293716973046474,0.01596967296970893,0.006088766334814098,0,-0.0308462097552229,0.014931117948676315,0.006058479535344648,0,-0.016756246102355,0.0007345498288717708,0.0030307984142623414,0,-0.1498468587113583,0.017995736444785772,0.005747449139927109,0
2019-05-17,-0.0334568398360144,0.0022647331103214964,0.007040862588148835,0,-0.0180818167418626,0.03236915502780438,0.006086981033928535,0,-0.0244998156946264,0.015915425088492478,0.006582095296623921,0,-0.0286730777049002,0.015067329898558697,0.006516371480580972,0,-0.0124880986688419,0.00373577174134105,0.0029559345878462356,0,-0.0638067171927198,0.03181938720092162,0.011879536239096943,0
2019-05-20,-0.0373609660044199,0.00035030970825221733,0.005921018700295208,0,-0.0311875418341116,0.017343653730017502,0.002455883895826257,0,-0.0265914716908134,0.01667866292444987,0.004713500833375561,0,-0.0286448850118953,0.01666745831051742,0.004712245014012172,0,-0.0133406336354935,0.009723098579512032,0.0029744894665495354,0,-0.0482402586525309,0.026307756730416444,0.008821738815863333,0
2019-05-21,-0.0519332619284374,-0.0010753646279151666,0.004985534148625604,1,-0.0414250514608581,0.0011729899196642433,0.005393626751519095,0,-0.0376019142072705,0.01800475819187336,0.005615535204940379,0,-0.0388707926167209,0.01760319464268796,0.005608235241914511,0,-0.0232190994916529,0.00980787582955216,0.0023173879394086916,0,-0.0700150779209853,0.021440331431416566,0.006971868707866853,0
2019-05-22,-0.0361512785855119,0.0033270387098162085,0.0031450076960941797,0,-0.0783517426818727,-0.0012060720482371529,0.003424896886605519,1,-0.0914248308033757,0.01043877592454761,0.00519060042019522,0,-0.0936504411464749,0.01098596243048172,0.0052112734117987945,0,-0.0503962025685307,0.0029520925882774137,0.002280517641884765,0,-0.0790881723104716,0.02297810499864472,0.0069736284043174,0
2019-05-23,-0.0031076446619174,0.004381698805422998,0.003677792170434403,0,-0.0579173889537434,-9.560472014221062e-05,0.004823763527880448,1,-0.0821973379998431,0.006957669227938177,0.00438825867784084,0,-0.0846441056993272,0.007304671536926214,0.004354248852288513,0,-0.0295484980836038,0.004643206703510333,0.002101750647435485,0,-0.0311764783588713,0.03451261761941106,0.016232321464587078,0
2019-05-24,0.0202324790645778,-0.0012412974324182424,0.003754723728159924,0,-0.0514254535534033,-0.010941913537349392,0.008382849701580672,1,-0.0809347701030643,0.014920512300667477,0.0025429120689084957,0,-0.0848372003690726,0.01507328545203772,0.0025454922216649025,0,-0.0090565561149524,0.008785694610629466,0.0019336103915790423,0,0.0281903738267712,0.04134762983077574,0.01594727012915634,1
2019-05-28,0.0498809836928501,0.004395443310623423,0.005845819117077359,1,-0.0377155699843033,-0.009092766759562824,0.00864337110934682,1,-0.0737725736750274,0.01357540037693329,0.0026344945827914026,0,-0.0749889159246209,0.013179199722697474,0.002602581663790852,0,0.019460858947656,0.00671174704357462,0.0035124118648042334,1,0.1007482107418937,0.03749812529515636,0.016051872635919017,1
2019-05-29,0.068558567898097,0.002284176218158058,0.005921872612092841,1,-0.0117557264363551,-0.018492987358839873,0.010634953224106292,1,-0.0443731271551667,0.009575985267914464,0.003778107167559374,0,-0.0462259770283543,0.00976070519209513,0.0038734240370794145,0,0.0490179758545441,0.008028575550254661,0.0033230305237767865,1,0.0834437086092715,0.03504608175584778,0.017208582203866847,1
2019-05-30,0.0927765221579736,-6.315818370444988e-05,0.004139901148625981,0,0.0394522906195558,-0.022537598036439947,0.011884930152647667,0,-0.0189868549047149,0.0068418771943583884,0.0037102273011303012,0,-0.0206939008896921,0.007200937495047669,0.003773902293093776,0,0.0673750504741887,0.011105855591367491,0.0022575655359003475,1,0.1500810257335225,0.036541188066690086,0.01709066029806232,1
2019-05-31,0.1093963028893851,0.0009942024277404052,0.0029015344917692194,1,0.0589144043675399,-0.020036040128313844,0.011877097860766048,0,0.0124072930109103,0.009086017292230138,0.0041026671484997845,1,0.0132248457173794,0.00932836595165051,0.004142111229574974,1,0.0666129005332075,0.014300686387581984,0.002667713434252076,1,0.1702873836024803,0.02569077914318965,0.011615303940478428,1
2019-06-03,0.1068741435195896,-0.002530352277893895,0.00212502077559572,0,0.0918528029893879,0.00032520495433860375,0.009734762469886929,1,0.0327260562698595,0.0222043839126041,0.007027640082049743,1,0.03313577504347,0.021431540357500924,0.007047313305813634,1,0.0841854124062713,0.02294435480268829,0.003829646364971564,1,0.1554941328230785,0.028217155578475997,0.011081535653779933,1
2019-06-04,0.0535597741619715,-0.005368427375920939,0.0042004466392388615,0,0.0689872398985175,-0.0030253866556888206,0.010022987799770773,0,0.0354051953189936,0.021167656329655435,0.006052665915091715,1,0.0341327106783175,0.02048086916107735,0.006018798744953373,1,0.0589836779190111,0.015356676061980186,0.004072370386824866,1,0.0766559872547476,0.024768879163902063,0.013242796945293803,1
2019-06-05,0.052763838570548,-0.00114753918885987,0.003021417387502406,0,0.0759390726727604,-0.006693967973062678,0.008829001516531263,0,0.0386223655046785,0.019698946352364854,0.004955251346194367,1,0.038319352125744,0.019373196350104732,0.004929603906730261,1,0.0475323820847049,0.00927257054108711,0.003419271733871626,1,0.0512619624456456,0.01978300334967263,0.011373968958431522,1
2019-06-06,0.0395689512635847,0.0005034549851865543,0.004836596079310632,1,0.0693599146746695,-0.0018165880967194424,0.007629523896187472,0,0.0398522742760023,0.019621762114936395,0.005415404014573682,1,0.0375706494013543,0.01846113021697969,0.005462476846860874,1,0.028330393938721,0.00041191672158899517,0.003759762731754018,1,0.0977073111185213,-0.002003419681636504,0.007390037719299929,0
2019-06-07,0.0346175875823163,0.001694195479017101,0.004599653882439529,1,0.043562017078588,-0.00641871192457571,0.007291753290787903,0,0.0285373405604554,0.0180711494302226,0.0033502062925939327,1,0.0262209751479805,0.01715536358142783,0.0033231897008454405,1,0.0208459961696288,-0.003908103194538461,0.0035551592445612515,0,0.0689179809425164,0.0035789391704990395,0.006041752993309268,1
2019-06-10,0.0154469593421319,0.0022000851156832747,0.0031187154719547485,1,0.0135616827625116,-0.014933941372524576,0.008000912819710269,0,0.0076326584901121,0.015236940551226342,0.0035082701192621353,1,0.0068551396076488,0.014387962371789173,0.003465783866683035,1,0.0135195510351084,-0.0025388543860954387,0.003174555397409021,0,0.0332663744931869,0.0010975906520257657,0.006151982717108864,1
2019-06-11,0.0284094346600861,0.006913151496632566,0.0037312182285254665,1,0.0346335783632709,-0.010191826392464359,0.005737369778994848,0,0.0310018960531655,0.010859376561800409,0.0031175683805845277,1,0.0307884638208648,0.010112711524297175,0.0030153662066058637,1,0.0422374681092455,-0.002102368298215496,0.0031414800458881204,0,-0.0149360927411348,0.0009058570979830916,0.007516361112388785,0
2019-06-12,0.0209553256035196,0.008081709742953783,0.004472545833404111,1,0.0238815027559855,-0.030451328540749865,0.009156553711849839,0,0.0352884626974402,-0.00037446011838329456,0.00233117951874462,0,0.0374847061831584,0.00040919954507214785,0.002312646043084152,1,0.0378088017479973,-0.0008406075142884488,0.004356417882422936,0,0.054567903132875,-0.0044470436177882315,0.008026968014270707,0
2019-06-13,0.0367005934079642,0.004847993537263886,0.0037909363924796395,1,0.0267703993637674,-0.02121372242980785,0.007478740516304761,0,0.0267851976296953,0.0016475971797161272,0.002293131589093301,1,0.0247398105778439,0.0019870006985722236,0.0022993532948866924,1,0.0417360086324185,0.0020664143242691887,0.0037224152159359356,1,0.0586508846847263,-0.00043486127725659565,0.005472499101954534,0
2019-06-14,0.0138414386325338,0.006591423689257557,0.003566546771036496,1,0.000943255812017,-0.026682496968519237,0.008645709546395066,0,6.439066094934534e-05,-0.0009057655340593933,0.0024702188981343023,0,-0.0013956657472443,0.00014716267058790568,0.002480233078955786,0,0.0060317255788054,0.003765623602702696,0.002931656537534744,1,0.0198626269916431,-0.0006821881742165004,0.00540857118779071,0
2019-06-17,0.0191277732294142,0.005496189458470932,0.0034491028061763387,1,-0.0018513264661678,-0.02314631337529067,0.007734351361989612,1,-0.0269353550598531,0.002122724287231906,0.003448444045699596,0,-0.0280522300593229,0.00328671456310603,0.003400076308877116,0,-0.001937623972684,0.004710361952565566,0.002613814249175362,0,-0.0413168804556076,-0.009270714899686266,0.007841588650543732,1
2019-06-18,0.0003005449698722,0.0020168194550054825,0.0028659870826352363,1,-0.0018659513309371,-0.0030745929559132645,0.003956158762128469,1,-0.0267637178669714,0.0014986447357324614,0.0023497801265963737,0,-0.027645303296066,0.0017202933875606913,0.0023352936346161886,0,-0.0062963415075231,0.003975415279755498,0.002273783593448338,0,-0.0100839779054958,-0.004719161964943246,0.007422965820624552,1
2019-06-19,-0.0122273644155617,0.00041272374261510855,0.002338623021670076,0,-0.0205344933737487,0.00614377266600515,0.0019828984517580904,0,-0.0348931297560163,0.003908355676396254,0.001997840575932765,0,-0.0346794187724712,0.004028407244097086,0.0019909200817446247,0,-0.0253909808065632,0.007617247500762965,0.004252672117740443,0,0.002062810376086,-0.00501647161362174,0.006348361300529536,0
2019-06-20,0.0138329977755786,-0.002143870935149084,0.002841341820728053,0,0.0031783131871552,0.0081260376666615,0.0026372507433165995,1,-0.0101781752928998,0.007716756649128338,0.005321850946450245,0,-0.0088839903066144,0.007479279006921701,0.005337248957708944,0,-0.0065896115332222,0.0049340146665966655,0.004461535725231738,0,0.0506428493498395,0.0031797543112109814,0.0073359526710086095,1
2019-06-21,0.0211040726457951,0.003134212852153125,0.004618868789034385,1,0.0113193270247568,0.010966058972081544,0.0035997970469190347,1,-0.0074668728047628,0.0023423345291188197,0.005790731734717201,0,-0.0066071646554129,0.0019792964602953246,0.005867592889711535,0,-0.0030656800652942,0.0043504464784819025,0.0050089761595055,0,0.0058681129114818,-0.004389511993690835,0.008107268129725316,0
2019-06-24,0.0301366285695474,0.001447837502470556,0.0036696096261845798,1,0.0142062278565423,0.023420683471416473,0.004967130874043071,1,0.0080167540856954,0.004513534992614133,0.0026973439152578197,1,0.007093692373123,0.004941761574189132,0.0027556932256489115,1,0.0015301035618738,0.007262151532097531,0.0050963101847775385,1,0.0468380700362032,-0.007398681682992585,0.008672579844403413,0
2019-06-25,0.0326641619837274,0.004299873047920445,0.004055370153855377,1,0.0266476022105377,0.04104335733815737,0.009309864829926844,1,0.0415001986381155,0.006004713777682949,0.002802974697739708,1,0.0381943574200847,0.006396065010549446,0.002811616772231698,1,0.0201711301225405,0.016385519665810738,0.00549381102716593,1,0.058054598913607,-0.0021917164793449117,0.005485096474875554,0
2019-06-26,-0.001347990527346,0.005158395040361434,0.0029467332426027057,0,0.0264563334853115,0.0413429934071919,0.00906111829608429,1,0.0298431509095364,0.010297756515320238,0.002706610320868325,1,0.0276420879342075,0.010758554657380417,0.0027781104982390454,1,0.0210228666844348,0.015227814971550636,0.005250155180756671,1,0.0496240580591892,0.013053206252951848,0.00413918020349324,1
2019-06-27,0.0128851062600975,-0.0007224646458225941,0.0017946346532647052,0,0.0414855556309353,0.04010116151517269,0.00834693103605469,1,0.0450022210788262,0.019542664785771234,0.0050224613413427845,1,0.0436861760691733,0.01971615184054706,0.005008434281888566,1,0.0140447297821339,0.0186043235859105,0.0052533067939384125,1,0.0410425441874119,0.01235281622120406,0.004758604749638055,1
2019-06-28,0.000295307176918,-0.00031286372927259547,0.004159152111204309,0,0.0491061033760315,0.050189511679488284,0.010683478606886879,1,0.0386885068021402,0.013661043984001212,0.0056844671876050525,1,0.0362112127649195,0.01250937567086446,0.005732985554022048,1,0.008929233529264,0.012715860096568676,0.00586617353683051,1,0.0378349819775816,0.004249049224825158,0.008193533888495698,1
2019-07-01,0.0016880806896816,0.0013038284591243756,0.001969922466379343,1,0.0425605878973598,0.04545855817845473,0.009763130401864308,1,0.0380769805804276,0.016794430286047456,0.004758507919568111,1,0.035525828915936,0.016025268553745996,0.0047611004736688375,1,0.0167499181684071,0.013256418263035679,0.00493464783117787,1,0.0424221536098544,-3.2019838420321335e-06,0.005037416441933765,0
2019-07-02,9.84074802295544e-05,0.003249899789894083,0.0015235859141746,1,0.0387986842140941,0.027828263192465303,0.005660915159953423,1,0.0246015244122592,0.01615396430189631,0.005049512007359843,1,0.023996393223346,0.01591150015764169,0.005069427764040869,1,0.0153508099260205,0.008612186499303976,0.002645994997951839,1,0.023768755820684,0.006122454743840508,0.0031709500988006257,1
2019-07-03,0.0091467939735627,-0.0001538249848612068,0.003386493863762092,0,0.0479052244208228,0.02620244620697425,0.006705200862680453,1,0.0291106777337338,0.014823510117717827,0.005410350821508363,1,0.0278192329473485,0.014654119478813026,0.005386429950705023,1,0.0217742489474646,0.009760217292546981,0.0038111774404441584,1,0.0807008231432441,-0.0008003138456899915,0.007162150424452174,0
2019-07-05,0.018375591286632,0.006601005097180693,0.0036110716744899036,1,0.0391806245156384,0.03314300424071947,0.009018696932315565,1,0.0252494387512824,0.003400752166483577,0.003813474631534996,1,0.0245054632772594,0.004133008446502558,0.003787583544549624,1,0.0049853956378207,0.007173969236186013,0.0030553335801115074,1,0.0914201647096628,-0.001636640495321411,0.005543219236707989,0
2019-07-08,0.02083337961271,0.0058498343368680195,0.004710690792505177,1,0.0227076595954294,0.019264649136447813,0.0047877186757810134,1,0.0310756658036031,0.002733498866220093,0.0035309156446965166,1,0.0328013957301554,0.00347538051665049,0.0035601548893373905,1,0.001985325532801,0.007638590964927434,0.0028237106371471494,1,0.1130715781614256,-0.0014346015290888263,0.004746898296129342,0
2019-07-09,0.0188753898607255,0.005871253656486927,0.004518897185767896,1,-0.0093212582258714,0.008128970789960836,0.002666712569107041,0,0.0133572476997295,-0.008722003078469397,0.004461174086228466,0,0.0131765266470927,-0.007579144621900782,0.004480092747583916,0,-0.005177617505913,0.01001385815869427,0.002739816547511204,0,0.0828101639764319,0.0019533773018898665,0.004318397099435856,1
2019-07-10,-0.0035413960422459,0.006314261738869939,0.0043746218558016105,0,-0.0301635922498892,0.00597945017245064,0.0026540831524230605,0,-0.0115023174406844,-0.008518191449700617,0.0033668801427996116,1,-0.0127468982654057,-0.007283358656597492,0.0033855598704874905,1,-0.0114327197246351,0.00979805936221572,0.00492611481008274,0,0.0841521514130142,-0.0018535241903316472,0.004817874640675156,0
2019-07-11,0.0235613946375134,-0.00045553992366871923,0.003186275391510054,0,-0.011273391739285,0.005410419366664966,0.0026950701405298897,0,-0.0051749088679522,-0.003579205057571819,0.0019735388069808133,1,-0.003254873525601,-0.0027507436656646466,0.0019603164784712575,1,-0.003024943530944,0.010339151891015665,0.00480512896984127,0,0.0664441821721845,2.3142556114028826e-05,0.003953605416085303,1
2019-07-12,0.0232740461817438,-3.762566889427971e-05,0.0030522086167356246,0,-0.0133125724026286,-0.012796774302035768,0.00581219504597661,1,-0.0005667862009007,-0.005848570933389135,0.004176645062984566,1,0.0023661821718335,-0.005241147491383132,0.004190052965021642,0,-0.0010757971360225,0.010247861193823538,0.004844276293235369,0,0.0490726347892515,-0.003582714704096421,0.004653817061164636,0
2019-07-15,0.0199423329785701,0.001914476702350302,0.0032084531578368404,1,-0.0048592434394445,-0.013771327713055911,0.005799570527951078,1,-0.007146545729712,-0.006370114449467958,0.005099707962986241,1,-0.0061043141098819,-0.005440887077426745,0.005122367388838037,1,0.0126654751137134,0.012124407678234833,0.0048684031771220595,1,0.0624949925404536,-0.004288953247356175,0.0050001405311477995,0
2019-07-16,0.0145552618293749,0.0027293160909148953,0.0027518291934853947,1,-0.016556688538218,-0.015173514913487823,0.006331884923015246,1,-0.0163774694959435,-0.009923921736028758,0.007271231148006576,1,-0.0130157630131379,-0.00908753322109288,0.0072803300985218805,1,0.0180828289640412,0.013353257755848362,0.003730577041860261,1,-0.1050181524505047,-0.008827949473195075,0.007106566487129512,1
2019-07-17,0.0183333602606082,0.004774272233532922,0.002805841811859736,1,-0.0186665525705473,-0.016117855434661467,0.0071861732002970816,1,0.0951793270576472,-0.00823001105979454,0.005410844861784303,0,0.0903852633127189,-0.007327244197024405,0.005436125292471646,0,0.0427148148710995,0.014797171457513752,0.003919740636904241,1,-0.1059008407858901,-0.011340904394955192,0.007313688028221297,1
2019-07-18,0.0189027626053699,0.0022517608506777004,0.002767577654723236,1,-0.0395538448032588,-0.02554896556760482,0.011609831132427292,1,0.0794468663100421,-0.003564548730134556,0.0038551187100153398,0,0.0804997945350028,-0.003392106307866861,0.0038740427551208147,0,0.0057766192521909,0.014534503535619263,0.003841558688273826,1,-0.0779068324093359,-0.01676969614038145,0.013817092060461604,1
2019-07-19,0.025190302168239,0.0027677278971197225,0.002755911284347245,1,-0.0368365437320355,-0.024582901917548916,0.011741283201978557,1,0.0808946732776017,0.005796209156760702,0.0022051190668384542,1,0.0814905120208304,0.00604569700264334,0.0022072954288246973,1,0.0213958399174175,0.011436233772146392,0.002886260034050374,1,-0.0637294898286531,-0.019346012939677755,0.013823945117893258,1
2019-07-22,0.0219705767281881,0.001981948001036222,0.004061066153675308,1,-0.0647347740067212,-0.021688660903630648,0.010339220922457083,1,0.0635315154815887,0.00603225770411402,0.0024585843915063124,1,0.0653723408911704,0.00599589143445156,0.0024762142305317205,1,-0.0249713106149578,0.009118919580158213,0.003089243978954772,0,-0.0588212042668736,-0.015012662939590521,0.013652340172290918,1
2019-07-23,0.0036596259138869,0.001460880651789188,0.0019165877236674686,1,-0.0578784845950158,-0.020730716397221363,0.01037860282704798,1,0.068124378203348,0.0038183334277175993,0.002269264949662294,1,0.0698910795509107,0.00356639486299466,0.002285358341272787,1,-0.0060474900993633,0.00832906556619981,0.002959741270029815,0,-0.0976965158481919,-0.014586230257302856,0.013318508690637323,1
2019-07-24,-0.0233136824712387,0.0007982266649699983,0.002476314671544122,0,-0.0888355870892678,-0.021043592481819914,0.010435826440014959,1,0.0493663730614918,0.005397050132250128,0.0027367910164168667,1,0.0503709535771602,0.004716676906104783,0.002724520401171856,1,-0.0251370715901608,0.005442075809804083,0.002995733719104938,0,0.0035974147233004,-0.014201913653578717,0.01317099079611111,0
2019-07-25,-0.0681511455601575,0.006901287924542138,0.0017227092898383807,0,-0.0910762075783663,-0.009277090649360303,0.007063953423586726,1,-0.0585929303655527,0.008753191264467955,0.00201547486856742,0,-0.0596498371335504,0.008028730809975047,0.00199810019495792,0,-0.05813199891122,0.005804807142902019,0.0029678345737502465,0,0.0061696155762838,0.00870020070591002,0.013120061238745382,1
2019-07-26,-0.054974605894536,0.00556210756154519,0.005299031733097685,0,-0.0736632352048251,0.008651632699378329,0.004139051387446873,0,-0.0572902742507339,-0.004951612565905941,0.01058594534373451,1,-0.0574809206803319,-0.003688664552674947,0.009712892208092854,1,-0.0481271912268109,0.005025854711576027,0.0029116694960653945,0,0.0161169744204124,0.018329440317863623,0.0076572401812723965,1
2019-07-29,-0.0465606508740586,0.00890836615085431,0.0052216983382073565,0,-0.0516730672593145,0.0111236252358718,0.003389131531587258,0,-0.041961500649645,-0.008246280880620332,0.006126053261436904,1,-0.0416381139529849,-0.007896124955482356,0.005645384779035526,1,-0.0346796106145163,0.005820701462442858,0.0024376568761228356,0,0.0022327363078078,0.011445262864864837,0.009402130759620436,1
2019-07-30,-0.0600222049859902,0.007707732509562672,0.0040526315642798166,0,-0.0343604802706126,0.011585334821476723,0.0030575278894900684,0,-0.0148813991593417,-0.009640367546982446,0.005985161972425055,1,-0.0152506419337591,-0.009587789099719241,0.005809019013360893,1,-0.010261543665765,0.006301860887100615,0.002350563902316563,0,-0.0193415512273341,0.013598135186637555,0.007652916406396633,0
2019-07-31,-0.0603552537246355,0.012552570481392323,0.006271544510807804,0,-0.0342679544228738,0.015611008515138816,0.0041783234256454,0,-0.0214327643495934,-0.014777171697682953,0.004862705213625195,1,-0.023595000413541,-0.013238126179727043,0.004567081254414448,1,0.0051825307581546,0.014955425017495576,0.003527513450350494,1,-0.0314856772380866,0.012504083712639023,0.008564579809224461,0
2019-08-01,-0.0245706372877501,0.006754620144300846,0.005614079176874005,0,-0.0326003371659312,0.017291897924740493,0.004516316413042635,0,-0.0216783229579903,-0.010090770696379075,0.004284354623396573,1,-0.0236907730673316,-0.008963837916826006,0.0042629877658189284,1,-0.0166558267271581,0.012413896540623942,0.005153364734701094,0,-0.0101145949208775,0.018943185221234893,0.007674383841061073,0
2019-08-02,0.0554573232128029,0.004458943704141389,0.005005681702726861,1,0.0305724689659281,0.019041032525793825,0.004140940964279739,1,0.0232726911555677,-0.006365661817811294,0.0036882661480557187,0,0.0202562813704278,-0.005056359645138314,0.0036458540426791267,0,0.0397599619686424,0.017360457127497814,0.0037010318312212095,1,0.0235191365545948,0.01931250795712717,0.006619698268178964,1
2019-08-05,0.0328052698359599,0.007964566204473302,0.0064671546865560335,1,-0.0163316202999765,0.019831802794724927,0.006686617563343885,0,0.0008424069417354,-0.000934560831032388,0.005711816359085734,0,-0.0010896591306606,0.0009160894795760717,0.005623793270021269,0,0.0013452367090875,0.020845592043190107,0.0055407146929919784,1,-0.0528722162647053,0.022704262546348854,0.016925276109431443,0
2019-08-06,0.0323934379633923,-0.003997621259014523,0.005892094701256259,0,0.0012006859647111,0.03665495376752321,0.004799911999735191,1,0.0097404928768382,0.02375747850861632,0.003957047672647743,1,0.0099498160089019,0.02126966149865632,0.003802168506121783,1,-0.0008221886230034,0.020460491393164124,0.004595908322095582,0,-0.0479470225622585,0.03155489879181188,0.015889794562302433,0
2019-08-07,0.0314685471917692,-0.0012084264745133994,0.0031739333120232426,0,-0.0074363531068313,0.04081316014730463,0.005462625823931581,0,-0.0044215826983233,0.02381651254208947,0.004454147301893345,0,-0.006085561260737,0.02271551178849516,0.004400795605222089,0,-0.0034407115644413,0.013715320621682781,0.0023589889472751414,0,-0.0618895060597471,0.029227710115837593,0.015498342906632094,0
2019-08-08,0.0449577889446472,-0.00930340692993292,0.004690330257969082,0,-0.0070149300949798,0.030164909232230915,0.0050933894915824555,0,0.0003839438903909,0.017254435087698552,0.005114373315417545,1,0.0003749624376342,0.015696312623627057,0.005052271815483754,1,-0.0014428753146347,0.0036877895069825396,0.0037361166001536115,0,-0.0390595259542593,0.03338648540398854,0.01653022395458368,0
2019-08-09,0.0538022530601663,-0.0022417276617377573,0.00416719594415148,0,0.0030011384683352,0.01785149058464426,0.003114214019007074,1,0.0029511118325216,0.017122319767929176,0.004329442654173354,1,0.0029915502515889,0.01667646920546545,0.004278081349937099,1,0.001386059476657,0.004785869258446842,0.002430482826632109,1,-0.0306021920027024,0.028182423490500225,0.01582523877362339,0
2019-08-12,0.057805167994315,-0.0010560997370272478,0.00389612098713955,0,0.0227369820877734,0.0175799670149581,0.004243205355931959,1,0.0168934831086009,0.020222447893177245,0.00479043233237951,1,0.0146719298564749,0.020634516856970347,0.004709395021308088,1,0.0201395823073419,0.011049173092424936,0.003356404405318974,1,-0.0348760797722376,0.027462410019654576,0.01614361387371093,0
2019-08-13,0.0457767418985945,-0.0036045913500812182,0.003871246179938578,0,0.0064974675827857,0.020965296777073403,0.003727623164811856,1,0.0112385085943489,0.012271775728114326,0.0042775059052054315,1,0.013137036016385,0.01222418440564921,0.00425355317110192,1,0.0104135975549234,0.00741697801358142,0.002739469979471386,1,-0.0391852106496193,0.03164028997580669,0.016143371028222407,0
2019-08-14,-0.0040303120866989,0.010538744063096307,0.005627408992429988,0,-0.0181650824609458,0.010843521857214943,0.005482644037845889,0,-0.0104941649656209,0.006279856751293885,0.005437425074263262,0,-0.0127094451303148,0.0075645266337067245,0.005374584356538277,0,-0.0074410298723241,0.007565407219670273,0.00449242116606269,0,-0.0428325938953375,0.02468682751556415,0.01598100690889043,0
2019-08-15,0.0108185173637821,-0.003053438329297326,0.0031364396194063534,0,-0.0133973748166364,0.015543905147410596,0.0026679963216144774,0,-0.0090373733528968,0.013057911040447095,0.003747320826063303,0,-0.0081386063852574,0.012543412055940888,0.003672498160869702,0,0.0042259196678181,0.010732191289694845,0.0023241408150953937,1,-0.0076617909814962,0.03400355486754612,0.014410216672207859,0
2019-08-16,-0.0306713113894239,-0.002770059745492652,0.004220308539148135,1,-0.0309392333448661,0.016052249807951894,0.0038952312280471865,0,-0.0186960655404428,0.01781944897684553,0.006993553296091074,0,-0.0176283618807286,0.0174642788672534,0.006912177813843549,0,-0.0153064963143135,0.009889169398080967,0.0031906344796197345,0,-0.0451808776569916,0.03496875452448828,0.015449558691475572,0
2019-08-19,-0.0253699069595937,-0.004141143620548288,0.003017964804708877,1,-0.0276935794984844,0.014615975353870927,0.0033699665426535808,0,-0.0202718933016105,0.020666124671716683,0.006817339884567024,0,-0.0180700012775334,0.019650915971240922,0.006771236755869929,0,-0.019173786459324,0.0022106016660138547,0.003455192454082372,0,-0.0528512390710813,0.03129134339141557,0.015083994133324303,0
2019-08-20,-0.0186863744010553,0.004139797182456091,0.0033161147361390015,0,-0.0181324454728028,0.007120319516350396,0.0032739723452172875,0,-0.0002514761949339,0.01564902474682796,0.005387749669208922,0,-0.0013212323975616,0.015543307646319589,0.00533576929470077,0,-0.0031036299177104,0.0023921999357411385,0.003515591355108362,0,-0.0013512355316939,0.025850215477545978,0.015263520494725766,0
2019-08-21,-0.0208733847613947,0.0031128626010763685,0.005223002779280183,0,-0.0282877248016958,0.006300036552623829,0.0028684081118743325,0,-0.0049996825744408,0.012793824695892946,0.005103432035654286,0,-0.0027391685353505,0.012537219019100241,0.00507482990357096,0,-0.0057695300059798,0.0007419619420496867,0.0029998092772386222,0,0.0126121971279371,0.041227780612012155,0.02224047565928402,1
2019-08-22,-0.0178102270829635,0.002856499216421034,0.004132330608072622,0,-0.0017791467094466,0.00964403004970479,0.003073710084618132,0,-0.0115059989494841,0.011901222723557658,0.0026504803820902247,0,-0.0131795392542913,0.011692635562824807,0.002635432927705834,0,-0.008382601755289,0.008836263569008806,0.0022766222589248775,0,0.0229121846531976,0.03945150246654792,0.021914715817965388,1
2019-08-23,0.0161760508169706,0.010944999391109966,0.005518751175681753,1,0.0190784818046213,0.017692282865715336,0.005140893638059954,1,0.0208682787016493,0.012772297782864527,0.0055253625504284145,1,0.0196818054425811,0.012931164756214576,0.00549146875762746,1,0.0195569989052421,0.009524492257813603,0.0036341747965876964,1,0.0331460036046746,0.03433248689474996,0.022414147221495997,1
2019-08-26,0.0260752340663438,-0.001174983244746226,0.004924705569127055,0,0.0365990274136269,0.019027454231326953,0.004684190393217472,1,0.0261323090648628,0.01674524389648068,0.005607099858162074,1,0.0246745066832206,0.016742891455151267,0.005489223863468029,1,0.0268348389067238,0.00978422377335375,0.0038878317030989853,1,0.0641512746152642,0.03455792676578389,0.0185433384854073,1
2019-08-27,0.0448799026427986,0.001031729079377727,0.0034545563871756905,1,0.0447350482995014,0.014420720558572015,0.0027598684224866303,1,0.0372038583008782,0.014543486902817399,0.0037703291330675685,1,0.0355833280500156,0.01435406441897091,0.003692556913035764,1,0.0312870779057991,0.008574718086287233,0.002419832097371514,1,0.0643923176078811,0.033343292480119996,0.017847187613770528,1
2019-08-28,0.0271942358222796,-0.005442754149386891,0.003612050576690988,0,0.0271172044789328,0.015774603874245004,0.003567215369103585,1,0.0197186053565956,0.022371710293604425,0.005642771028831365,1,0.0158881128839107,0.02131680255996468,0.005550371025014943,1,0.0019672442437955,0.008681711637041154,0.0033447902573580522,1,0.0584017958270904,0.03634221095310663,0.01824881412432376,1
2019-08-29,0.0311191148276137,-0.005085301447257641,0.00327972239582015,0,0.0128290331067396,0.014079230188248809,0.0034461030581990145,1,0.0062578222778473,0.01380907261228639,0.004557395964881917,1,0.0044570131168003,0.013126997839291814,0.004484766044195916,1,-0.0220624664037965,0.004391029340684889,0.0028085710760960237,0,0.0278856624911585,0.03667558004117378,0.01977310230433832,1
2019-08-30,0.0831274730947691,-0.006114077296924157,0.003857155230500725,0,0.0299378475900423,0.014268554350057338,0.003368380984789922,1,0.0366515837104072,0.01661844508837819,0.005234943752084345,1,0.0322799214808533,0.01594348156112121,0.0051115897860443274,1,-0.003586893279956,0.006587585934252603,0.002802374531646676,0,0.1027311856674156,0.030579997669573266,0.01959777744480908,1
2019-09-03,0.0705407984610437,-0.00422089837225874,0.004444388287405322,0,0.0213573677718144,0.026007856689278783,0.0046426350279066535,1,0.0488990838631612,0.01806845215092194,0.005047829624148542,1,0.04707280667237,0.017872695090187945,0.005002260615363469,1,0.00160233951794,0.007990886408838448,0.0025569680652159275,1,0.0836528528299912,0.025177906180239365,0.015958731990874133,1
2019-09-04,0.0318396226415094,-0.006969851293548071,0.009141099944851369,0,0.0095447268665378,0.024178715504616394,0.0051111740998907775,1,0.0403095416111481,0.010714078021315096,0.00563884136391963,1,0.0388469026267216,0.01116490624633253,0.005584287198398245,1,-0.0128674665967876,0.004247600752481606,0.0030648491154806525,0,0.1020224581943469,0.019443011181236182,0.010097531576748022,1
2019-09-05,0.0273300199080681,-0.006603716517442672,0.008091965357857113,0,-0.0165268604231255,0.03815332143232883,0.008782809885036469,0,0.0191784359726749,0.007532459691329653,0.005356045147712595,1,0.0185999883900245,0.00748503734756872,0.005349720816434202,1,-0.026422887813302,0.00047411272883339343,0.0025688289107262683,0,0.0687059895247603,0.01596400310572199,0.00979369679854034,1
2019-09-06,0.0272761157616814,-0.0035093025175297375,0.009705583356613942,0,-0.0100217007994975,0.037810128587451766,0.009617679757924451,0,0.0208887245963974,0.005883717759323299,0.004476007690743102,1,0.0188885986497915,0.006216470368935176,0.004424834436108982,1,-0.0157604198435315,0.0014348161867891026,0.0025272009938196102,0,0.06430431863536,0.004344667442216841,0.003871353357251225,1
2019-09-09,0.0416627870414307,-0.0019425240945013392,0.010517194928728902,0,-0.0029022296324235,0.02957169053019844,0.006785410505971627,0,0.0311760105463681,0.005314681765814349,0.00423555404897057,1,0.0305663115973689,0.005517653919647182,0.004237491306653416,1,0.01257310805799,0.0010261453467564647,0.004305060856800436,1,0.0549826788284768,0.0019057856683502663,0.0036934066243568056,1
2019-09-10,0.0132526220598126,-0.0006617222565187654,0.010227292290757719,0,0.0051651557141839,0.035975132904673225,0.007763863177062882,1,0.0293332494787405,0.005605819327570999,0.0029958538811425376,1,0.0289561213461367,0.0056971456084865205,0.003003826664219508,1,0.0379663271508537,0.008358468715894393,0.003795706506120805,1,0.0388406817383576,0.0034490807567533347,0.0041082955034379524,1
2019-09-11,-0.0314502100900371,-0.0014133429466281792,0.009881091404422771,1,-0.023655453267317,0.04269674404486967,0.009811857926815147,0,0.0045985499128268,0.003989033043174633,0.002923366294017381,1,0.0052064989494811,0.004303213695871177,0.002930184751907861,1,0.0115342493107809,0.008002523455063493,0.0037463481513001344,1,-0.0285829710063907,0.0009902332329975875,0.005106631070581464,0
2019-09-12,-0.0058181762695312,-0.000897570406206089,0.009931466109408288,1,-0.0307869993305387,0.0406667808304391,0.009696964870519546,0,0.0021765166395217,-0.003241808918331134,0.0027122475649788134,0,0.002093933240831,-0.0027640063557222757,0.0027172137044537614,0,0.0098708130526991,0.0002683349178853149,0.004464351411440883,1,-0.0232021818535462,0.002102986745619438,0.004796559900664802,0
2019-09-13,-0.0002296562381802,-1.104338997405356e-05,0.007708753106358009,1,-0.0451804439081024,0.040600061521592734,0.00960666317151041,0,-0.0087513904570071,-0.0005303289716256515,0.0031899933942383433,1,-0.009841996300707,-8.617103517884889e-05,0.0031841838875281813,1,0.0114113452909005,0.0012435840053643577,0.004519471223395056,1,-0.0926422491306211,0.009729765641166776,0.009556531895481437,0
2019-09-16,0.0048644846007009,0.004268662516941218,0.007077606964908287,1,-0.0214434341270659,0.04720925258200551,0.009657692874757979,0,0.0131014262006895,0.009547382805958708,0.0059750384897797205,1,0.0116186975525974,0.009399379883695037,0.005998928336908889,1,0.0175233190627565,0.004194088450206093,0.004831738025769634,1,-0.0567905481219801,0.023833594863990067,0.016492266273465398,0
2019-09-17,-0.0052926724955524,0.0019440174726831141,0.005159279356971122,0,-0.04248672103121,0.03350356521510163,0.006187693020389589,0,0.0113074474117426,0.009771108957120807,0.005491665396157334,1,0.0097948765474851,0.01000005507416979,0.005498754843492228,1,0.0158706513256739,0.003443538816855874,0.004502799658210985,1,-0.009959193638393,0.023239926274899327,0.016341889407936166,0
2019-09-18,-0.014368664751798,0.004289184738477876,0.0021993393932378574,0,-0.0524816132356281,0.01311637969843555,0.0018110687305069044,0,-0.005657267050271,0.009422856364666382,0.005492768350128451,0,-0.0051691081819861,0.009887205651117946,0.005508937507341347,0,-0.0183179420407471,-1.8956211155938749e-06,0.004454816039048058,1,-0.0157316874682418,0.02264624305698201,0.014833307139189211,0
2019-09-19,0.0116993237002666,0.0030949248749617938,0.001799021888222017,1,-0.0470985659614319,0.013094416763453909,0.0018468266588643574,0,-0.0114506253836599,0.007613577993595877,0.004517778334232172,0,-0.0101326155536242,0.007925791191483685,0.004525735215918927,0,-0.0140415275843661,-0.00663892330105094,0.004817675999840711,1,-0.0228001551816771,0.02173252925414247,0.0147345360446453,0
2019-09-20,0.025759303348982,0.006698394489129846,0.005683908882368343,1,-0.0232695416915799,0.02017958923548368,0.006092614835584976,0,-0.0170473282333299,0.005052543951625564,0.006465269774758965,0,-0.0167703002599207,0.004186388064723509,0.006537661036098484,0,-0.0155138150513716,-0.0008246456441678117,0.004735418211013171,1,0.0195416768391927,0.028340438985309885,0.017181291922807453,1
2019-09-23,-0.0093652086905027,0.0036455798392913763,0.0037253913633247845,0,-0.0432143266908119,0.017955219346059467,0.00232599921775676,0,-0.0511048347719254,0.01314206864812276,0.003985561522688924,0,-0.0500644806892641,0.01320831300899447,0.003982779798436151,0,-0.0406811533844213,0.00587697944588516,0.0014876056666617388,0,0.0066661170166895,0.0271054073606027,0.014653455472730465,1
2019-09-24,0.0103866586170824,0.0066213092564014284,0.003531213547991905,1,-0.0131283430996244,0.025945723229745494,0.0032739921789889975,0,-0.0230214928779597,0.012295461083932719,0.002742981122209798,0,-0.0218583365607414,0.012351418248789187,0.0027257211908914415,0,-0.0088727361505681,0.013264609352197268,0.0031436110586369453,0,0.0377182103348265,0.03438126937785066,0.015685798414983826,1
2019-09-25,0.031863611394709,0.0012924253449370978,0.004299934869128998,1,-0.0131269261430272,0.014586991994113823,0.002822383151596411,0,-0.0265386662808517,0.006831907338183294,0.002464540641380486,0,-0.0251018833168838,0.006918362936723517,0.002440765743978555,0,-0.0094664895374871,0.008439871145193447,0.003066354479529276,0,0.003338199087172,0.031556075248466084,0.01518464479687217,1
2019-09-26,0.0295638182232176,0.0031217501603716287,0.00432809502191141,1,-0.0087757241534968,0.011430768167094938,0.003610580532506191,0,-0.028422905509304,0.0060862983638696865,0.0019862863760930277,0,-0.0278235617722477,0.006367532242893171,0.0019526436346848442,0,-0.021619685417431,0.008915864129335791,0.0028942815053100966,0,-0.0184970924194372,0.023127464587807,0.01579456511675952,0
2019-09-27,0.0158442738646707,0.0028227431411523996,0.004468727288492181,1,-0.0124378141102224,0.011425053637427874,0.0037378837189209397,0,-0.0260775994367631,0.004188181615047941,0.0033766252091096106,0,-0.0249631093827428,0.004119348590957272,0.003456256749094333,0,-0.0172401653763106,0.011785155241430628,0.003017832568650911,0,-0.0121399051367991,0.023544159553807814,0.015555278631653001,0
2019-09-30,0.0087083635815353,0.0028618074561806792,0.004554280733016348,1,-0.0137514374373568,0.012794148267250336,0.003678624650989106,0,-0.0136915023841263,0.006697984223164875,0.0034412527975699507,0,-0.0164336444312814,0.006372517734371464,0.003408905731728802,0,-0.0101675363863001,0.013263045376576257,0.0029222121173230003,0,0.0125465787962603,0.028255111569964818,0.015197542694539046,1
2019-10-01,0.0315161788587857,0.008888534027748293,0.0054532268803043965,1,-0.0043293438312643,0.005252206373228294,0.004644774757816467,0,0.009766298239996,0.006431593920281373,0.00360818951824979,1,0.0108399253682615,0.006635821002076478,0.003623294542220788,1,0.0209174759891055,0.014703261830999141,0.00321491523062366,1,0.0059600158125941,0.020768415081835898,0.014730662865534497,1
2019-10-02,0.0813991422161381,0.00815245818895928,0.0070903404763730474,1,0.0110449760334573,0.006383129831321548,0.005182697665649215,1,0.0300423315015889,0.011554836739787848,0.004025049547190598,1,0.0273547721298739,0.011551004884735556,0.004063625540779887,1,0.0350499876584152,0.016546536144720788,0.0037549284805841825,1,0.0691365424700217,0.014550090830290123,0.010361239658892171,1
2019-10-03,0.0453376872682635,0.0001209065448163349,0.005041627506292126,1,0.0060312360586145,0.006078969471835449,0.004380725482408983,1,0.0211848406226037,0.010270033984014373,0.0038550328199198013,1,0.0196601995334244,0.009621022599966791,0.003887209862972217,1,0.0204753422432015,0.012006100217098135,0.0026191833267374264,1,0.1094511928583516,0.011622429179424739,0.007295966192835761,1
2019-10-04,0.0399964771329582,-0.0011518144670750793,0.004673591036761871,0,0.0206452879074588,0.011562939652924754,0.004193614391901673,1,0.0320574431824228,0.013737550491473958,0.003748539136924463,1,0.0291963465073529,0.012550649712683163,0.0037438197044069605,1,0.0323028143086363,0.010901942453760869,0.0029680025391922516,1,0.1222367764301246,0.014114849845470661,0.0071311840319113005,1
2019-10-07,0.0378619587089694,0.00379431159366537,0.005035116081438214,1,0.0318957229290411,0.006592060952748195,0.0034045116924002277,1,0.0384522667544079,0.011772982594399989,0.003913511829730237,1,0.0368961349951386,0.01128145790586986,0.003917058136260175,1,0.024292397042413,0.010022918195649705,0.002907137252932703,1,0.1012422324889105,0.009194401509893261,0.006049761984313968,1
2019-10-08,0.0363388100443064,0.007166225032128191,0.005253408732017947,1,0.039468249018868,0.025215749457357422,0.005059657653214363,1,0.0447909049040338,0.014378375579185938,0.0033857950510022155,1,0.0428442598255615,0.014254138731408642,0.0033402011610221237,1,0.0162228693337761,0.011300961686586765,0.0031181469443126515,1,0.0855709981341938,0.015406423376279486,0.010743977797411671,1
2019-10-09,0.0372044542571035,-0.0015419763895442827,0.005246387736177805,0,0.0187046554183259,0.027597739747551885,0.0051703711441544705,1,0.039138009894725,0.014146381034199094,0.003306528740942601,1,0.0382196391847544,0.014261273154455887,0.0032949308415475827,1,-0.0077984099084175,0.011199827485839524,0.0031689193279765293,0,0.0475783328677976,0.02317648624854694,0.012986909705946447,1
2019-10-10,0.0324533061070334,-0.00014749183053404044,0.0028486654826097935,0,0.0245220601959616,0.03863487029490738,0.007206307472609485,1,0.0195875211638753,0.014435219731160168,0.004604973580526159,1,0.0165437117679476,0.014271687894980853,0.004546218966032969,1,-0.0120611083378417,0.006662128171503497,0.0022728461789526828,0,0.0256929243792545,0.02440969326905074,0.01233922609548641,1
2019-10-11,0.0215411364361832,0.0033008600793461487,0.004565561767873245,1,0.0212966236305825,0.03662113291054567,0.007284495774815146,1,0.0251250341212682,0.009218782092650127,0.00609351225253241,1,0.0224978673470239,0.009047605352460561,0.006083821162798705,1,-0.0237669644655589,0.0020384857743991364,0.002775570256481146,0,0.030980266735211,0.023678051891855276,0.012405863849842949,1
2019-10-14,0.028723690949974,0.005336595252340113,0.003787793296745421,1,0.0114973705491272,0.0382264889933496,0.00897961370627075,1,0.031735479919664,0.011831204050086988,0.006105905972852004,1,0.0295783912262075,0.01252466009071359,0.006093795840358431,1,-0.020134171887658,0.006202281427099716,0.002412449397274387,0,-0.0117191283981149,0.012950237204116366,0.013197259414730224,0
2019-10-15,0.043750297499643,-0.0011257668393586332,0.0028025867851196556,0,0.0042011771225939,0.039622924354159775,0.008758017485415501,1,0.0159687597889977,0.010706238556419747,0.005956181602598315,1,0.0139312180941772,0.010888882049409266,0.005949864630194501,1,-0.0060372958680315,0.0009214850534705315,0.0024265977237828374,0,0.1643031027645208,0.01686653129964536,0.013048853153486369,1
2019-10-16,0.048874923102426,0.002744157001636436,0.00564815058853194,1,-0.0195715168861588,0.03625991118876768,0.008883037509650155,0,0.0113515149226371,0.00887845264160205,0.005841013397308538,1,0.0103084738392127,0.00930894980335011,0.005829000896583984,1,-0.0015608458706381,0.0008538315987820094,0.003422066367573874,0,0.2500190662202381,0.014601675489586161,0.012605675521006696,1
2019-10-17,0.0616394856541101,0.0022721137899699567,0.005062604257685805,1,-0.005996248171301,0.041676458925950594,0.011115992845996788,0,0.0291513412484038,-0.00035762650120390975,0.0032362689198623625,0,0.0273294922760502,0.0003605776728166747,0.003198326806857011,1,0.0316972532104216,-0.002157938106704513,0.0059465654189513936,0,0.2570386502123822,0.016464718056509068,0.012633844105958658,1
2019-10-18,0.024292644450499,0.004362338513136028,0.004988264360954219,1,-0.00392734938234,0.03047204606456033,0.007050312787603603,0,0.0082730305773331,0.001956770814341608,0.0030965458656995086,1,0.0095780279294383,0.0028179961550771505,0.003098367000751599,1,0.0316360056291652,0.005355636245498427,0.005963218577118142,1,0.2240932824584933,0.0185734163316014,0.012582406275560662,1
2019-10-21,0.0087078736641131,-0.0010678514015168682,0.006029998471039942,0,-0.0045633946079895,0.03451368782954815,0.008425241653454069,0,0.0107705763829915,0.002253841047921973,0.002589675481142687,1,0.0130335328472021,0.002979634061566651,0.002599648536314236,1,0.0405842940210625,0.003315062945078284,0.005887510813776311,1,0.2386363663635628,0.022824451044244895,0.012784184312014047,1
2019-10-22,0.0275092450863993,0.000409274623000961,0.005936256795399091,1,0.008720822645626,0.021292224189277023,0.004276975868732131,1,0.0142873242935115,-0.004717404295637444,0.0037050442896344004,0,0.01498946829662,-0.00371219806481374,0.0037160571611814137,0,0.0474137200676701,0.006429961557816879,0.0058841676565438,1,0.2374067325254789,0.019395399120810758,0.012601875413624824,1
2019-10-23,0.0462558303197154,0.0008168383098092098,0.003924405401917309,1,0.0114900857543462,0.02219075939423811,0.003971357873225105,1,0.0101831751698785,-0.013385717423026428,0.008084788739097681,0,0.0104359546038931,-0.012399545201759427,0.008102006362431082,0,0.0310639346439099,0.006029119961068995,0.0033844297095642446,1,0.0500720671846992,0.024137140903586606,0.012312162042383595,1
2019-10-24,0.058973499432157,0.001963177382831533,0.003944753609740052,1,0.0630968055554556,0.025043357864232743,0.004567935932507869,1,0.0322454016895062,-0.009411958141641835,0.007423641876822289,0,0.0300399244022064,-0.009116113866679704,0.007444390563322236,0,0.0373906046418521,0.002830474132155536,0.0038216878436643956,1,0.0663374980485745,-0.006116216026869022,0.0159801985760721,0
2019-10-25,0.0392450359135356,0.003930019258484227,0.0023787228007266323,1,0.0306911093128627,0.0320766141326296,0.006020834762616834,1,0.0129993953190921,-0.009452122184015858,0.007430648478697603,0,0.0128940716911764,-0.00921653629335173,0.007448757050442221,0,0.0004156012459795,0.0015615306199853974,0.002823463103451802,1,-0.0315076236642503,-0.018227630940464312,0.01243190597821053,1
2019-10-28,0.0332168091461783,0.0016483542588936716,0.004918531148559831,1,0.011809692443431,0.03378867772138998,0.006331601293749323,1,0.0122000490488839,-0.00975713417725435,0.00660067434038123,0,0.0117633305373236,-0.009430825756038964,0.00660653988337847,0,-0.0001388414228672,-0.006709630678618317,0.004063904360973685,1,0.0205943827588601,-0.0134066105219841,0.01565320579577012,0
2019-10-29,0.0599362579595724,1.1818146879102875e-05,0.00724428501790931,1,0.0158841755059644,0.010092344201515387,0.001900948777302305,1,0.0446060288396807,-0.0039991325522654745,0.004219936676118669,0,0.0412619336213329,-0.003704245957366614,0.004289224653392763,0,0.0051560076111075,-0.0033016731150820183,0.003808411031557574,0,0.0720128068527855,-0.00978219106235533,0.00930209617973735,0
2019-10-30,0.0521760591678601,0.0014116003314204387,0.005365627256428303,1,0.0055687333277888,0.010959070552538783,0.002332357218252367,1,0.0397135962330554,-0.0083238160775746,0.006519042643830633,0,0.0388888888888888,-0.00826623367396326,0.0065137603704511025,0,0.0073154786889782,0.0010099824563923523,0.0028795528530731543,1,0.0767806070785379,-0.009024712237205818,0.011360608124760106,0
2019-10-31,0.0507334265509173,0.008867288426477975,0.0042288827683105695,1,-0.0091498287270254,0.004906530475981421,0.002915084658211574,0,0.0270276216650197,-0.01238666987447936,0.00836203723854829,0,0.0256596454541299,-0.011810811773102038,0.008335220984609398,0,0.0128241104530747,0.004121838905892761,0.0034621861736380227,1,0.0909521634658521,-0.010171238212511905,0.011097139995983989,0
2019-11-01,0.0179924809560127,0.0021504460853694644,0.0033893863154056286,1,-0.0127761698385115,0.0048342138006560315,0.003251827201328477,0,0.0175095761770612,-0.0070753304774795675,0.006398475023636276,0,0.0165346058162255,-0.007265577915695899,0.00639260553249083,0,0.0154664466260039,0.004067310792081285,0.003372635790620687,1,0.1115946831164303,-0.0067854581285127155,0.010152337529780793,0
2019-11-04,0.0288660329900911,0.0028718702923020674,0.0036947263386497256,1,-0.0309812552616658,0.0009382471343786112,0.0038171664835050865,0,0.0039523743656973,-0.005191745462854067,0.0037446120552872397,0,0.0038569568830471,-0.005367077801010804,0.0037214888177119,0,0.0161412452106432,0.007794239233862774,0.004454528294663551,1,0.0828796403199447,0.001875149144716283,0.004130250448238573,1
2019-11-05,0.0228610269343161,0.0036995976041231133,0.005002381032358597,1,-0.0257634782976471,-0.000370975021339876,0.004080653782725313,1,0.0170614060664628,-0.006111520219608731,0.0040475432802581195,0,0.0147742088526597,-0.006348878961954331,0.004036328860222532,0,0.0255593445051446,0.0036477250645436405,0.002640381967419358,1,0.0985849248538227,0.007675180146407239,0.004820311873790909,1
2019-11-06,0.0271315598523871,0.003232333993377708,0.006254916007163791,1,-0.0356311367273305,0.0017504227029352566,0.004059909162058614,0,0.0313610384936274,0.0023795170063285595,0.002644808972424248,1,0.0303334741145262,0.001820616032283338,0.0026456176267862564,1,0.0426168314716351,0.007738087047789193,0.002666434486889633,1,0.0699702186131813,0.004379774177590485,0.005482927763505169,1
2019-11-07,0.032509967848542,0.006187868325007174,0.004684062990125354,1,-0.0197774947350525,-0.00018732100883945765,0.0040944342437078405,1,0.0118134971262115,-0.004001699080619706,0.0023332138510334015,0,0.0140758082965643,-0.0038825614328824587,0.0022948686017265135,0,0.0441728073279494,0.0074325156724984924,0.0022870240634783,1,0.0463078930773542,0.0004846019028985193,0.00428586591935302,1
2019-11-08,0.0309331054183295,0.006612632996937361,0.0028636604230567347,1,-0.0141788306735095,-7.771561107249893e-05,0.0038627401918266864,1,0.0094230319069066,-0.003992622097461276,0.001742124123614944,0,0.0065873971014666,-0.003316197638476088,0.00174226784464447,0,0.0347461344365072,0.0063663386838329296,0.0021536120468036548,1,0.0452681385493561,0.0002660068828625505,0.004053154951785573,1
2019-11-11,0.0062703679028104,0.005734157829862237,0.003645492957167084,1,-0.0164144142099179,0.0018539887986352152,0.003460520752998654,0,0.00234619140625,-0.0033750332269628907,0.00255071078809063,0,0.0025335863284854,-0.0026983878716586125,0.0025336161188652903,0,0.0228328983166722,0.005573153885470073,0.0020606459112591795,1,0.0153358530349419,-0.0033675635336168973,0.0042953748321000115,0
2019-11-12,0.0033699876167329,0.0025753716048433767,0.003148379776291542,1,-0.0218113632034888,0.0012985822548023836,0.0038773521281137953,0,0.0056256845449131,-0.0013836739024088813,0.002253751558670036,0,0.005382050950699,-0.0009232897913526673,0.002252692684237556,0,0.0186724146913204,0.003970641269867903,0.001939238637337058,1,-0.0004789110640404,-0.006204393139150362,0.004886035109333125,1
2019-11-13,-0.0074691989410545,0.0034652087047433756,0.0032259380090634933,0,-0.0032602403936794,0.024411898957168013,0.0034801150678626168,0,-0.0016647662271194,0.004851209323853417,0.001607728915984878,0,-0.0010269930924227,0.005087775975945976,0.001620948170152679,0,0.0174805604050107,0.0035511130398029507,0.001393277929542645,1,-0.0377624956222073,-0.0035593223112496005,0.004916898110006984,1
2019-11-14,0.0102017692510855,0.0018015736376284378,0.0037980736641460536,1,0.0078349573078158,0.0232664022463938,0.0032696493688258586,1,-0.0092877617967495,0.006448126675380894,0.0025817947143610353,0,-0.0071556471847387,0.006922598561376335,0.0025978876382289455,0,0.015443518195592,-0.0007585501054425108,0.0033475248344578363,0,-0.0407826195332683,-0.014652567859555573,0.011012780542558024,1
2019-11-15,-0.0056808853175079,0.0011036116348517077,0.0038589684900358838,0,0.0337340452919259,0.019679226656703654,0.0032629446132006004,1,-0.0140141435240205,0.0028873108603550846,0.0027872094467092812,0,-0.0145157890001483,0.0030450166634599773,0.0028365962105876136,0,0.0130605141561941,-0.003294283075725265,0.003543991896631588,0,-0.0680040776574274,0.002333831706426748,0.004069168300332889,0
2019-11-18,-0.0002239550577105,0.004439638756059321,0.0023779555872930056,0,0.0350144393953226,0.008827222498148208,0.0028408765603064687,1,-0.011079281071387,0.0038700630255073983,0.00241011880813846,0,-0.0109299502850313,0.003592335941763991,0.0024050050951555137,0,0.0095440243558097,-0.0031511900064178687,0.0030414981001364435,0,-0.0581662870080401,0.01288851232232742,0.007904902583640678,0
2019-11-19,0.0064396753786683,0.004524406645412094,0.0015557986508044769,1,0.0295345333975855,0.017581816907986925,0.002365012379133996,1,-0.005168729586161,4.3062732491778565e-05,0.0029988264023141776,0,-0.0055438778157478,0.0001230426590048241,0.003029674856767615,0,0.007118670358581,-0.008085118756759645,0.00787752644845363,0,-0.0834999932183159,0.014548054071152795,0.011489940381678448,0
2019-11-20,0.0017824006081063,0.007381722371980263,0.003082605695669334,1,0.022145711753263,0.017211826273808843,0.0028531794419821522,1,-0.008882147014873,-0.0018258182253939742,0.0035438460850413483,1,-0.0079969325752838,-0.0013230729959423128,0.0035152264517193813,1,0.0010040773855544,-0.006887443133871187,0.007902645308180103,0,-0.0554004516301866,0.018938797368657265,0.01167009225187209,0
2019-11-21,-0.011957744676682,0.0076474382883430754,0.004463953897022812,0,0.0177915958751238,0.018758063384486642,0.0024412683573163682,1,-0.0079195829253399,0.0015796398336891562,0.00239739326646833,0,-0.0063392246858211,0.0018109702251327157,0.002399733082158891,0,-0.0050643681517455,-0.0049301723089589,0.00782716352636146,1,-0.0116415551871045,0.008947816200022109,0.00453932576053598,0
2019-11-22,-0.0036922890344998,0.005453211689212474,0.004605848252031056,0,0.0042435142770568,0.00815998203647918,0.002359195582043333,1,0.0164411278410182,0.00837269251803251,0.002436189758737024,1,0.0174964370340528,0.008547000233059526,0.0024700417031257318,1,-0.0009999593098958,-0.004029936890152186,0.007894827698196417,1,-0.0327892899185813,0.017804488861294397,0.0076616870382305415,0
2019-11-25,-0.0050948372544469,0.007223343280595145,0.007630271783916415,0,-0.0221583343649195,0.0069333462804572945,0.0025410593379565816,0,0.0139480705843124,0.01278763254794595,0.004241584930900056,1,0.0130161051621302,0.012264334607987589,0.004279982263576667,1,-0.0094477268023512,-0.006628443333054464,0.007939775316505323,1,-0.0146150686224544,0.016251836779192726,0.00622320487439624,0
2019-11-26,0.019316232932396,0.00785306922527962,0.007854469533882122,1,-0.0274292195525055,-0.00039538297027286347,0.00445924500637879,1,0.0194828860206749,0.012659690463619517,0.004975938861523732,1,0.0182222939459188,0.011680408270617079,0.005012962541474335,1,-0.003807535115098,-0.00827415761651944,0.008214513493615091,1,0.0144057127373471,0.01865460130185225,0.007885679608522328,1
2019-11-27,0.001200327520227,0.006603073214968488,0.007792687647967487,1,-0.0375568101920765,-0.0033990154983162624,0.003543945193117225,1,0.0278781317803156,0.01598823102086789,0.005581789261748158,1,0.0278509224922636,0.015654541876143138,0.005619427943257803,1,-0.0048652561700782,-0.005799735217485136,0.00802892731934673,1,0.0254296572143369,0.022289678809279394,0.009977880554026599,1
2019-11-29,0.0045273394784116,0.008035135248057318,0.008307760457065076,1,-0.0361283876050331,0.00872089600119648,0.004916877789570316,0,0.0335588271942255,0.018760964768814357,0.006416069064101561,1,0.0309620702620253,0.019028223254713178,0.00645821590555327,1,-0.0044792351407475,-0.0015154537930584231,0.008422166561502433,1,0.0590164019478256,0.02236456956377469,0.011788928492632285,1
2019-12-02,0.0482365822958587,0.010522664079001648,0.009154484994342472,1,-0.0064091075550426,0.030935849989983687,0.007443062671287671,0,0.0511500550884319,0.015949821373199783,0.005401061425093469,1,0.0512958597805797,0.016225558054908308,0.005408531139262523,1,0.0285442490899714,-0.00016959204384327985,0.007845752949124549,0,0.0603692423324377,0.013345665091015653,0.00720636261434485,1
2019-12-03,0.0397976934897627,0.01054037868068297,0.010809923939338302,1,-0.0077113734621738,0.023918093690603416,0.005273053267442405,0,0.0330984532959946,0.01547202429614931,0.005612753617723827,1,0.0324554133992848,0.015551905719908507,0.005612310617493821,1,0.020647436500052,0.004149364130973826,0.004527437748284923,1,0.0649296600319208,0.014966520570869226,0.006509539170739091,1
2019-12-04,0.0430645020037897,0.004799001350720889,0.006132740886517001,1,-0.0014516918592288,0.02749156013365186,0.0051278586052361935,0,0.0149321958243128,0.011297054480619514,0.005564519090781788,1,0.0149736210378202,0.011062345416715406,0.005551513084559838,1,0.0298566853477086,0.003427097977855245,0.004590058765577429,1,0.076796049356635,0.005818993820247396,0.004006547114933563,1
2019-12-05,0.0462837365662705,0.004096802617586911,0.0036776561837251875,1,0.0102843822908817,0.02953379263285489,0.004800913600902769,1,0.0207959141450482,0.010292286915990328,0.004643470209962312,1,0.0209716384707371,0.010097741855649784,0.004610010212293158,1,0.0300681708786238,0.006628511392963665,0.0022001536494756415,1,0.1388059701492537,0.015548412158005898,0.0058068572367035555,1
2019-12-06,0.0385555691189236,0.0012415432284832283,0.003439317584024772,1,0.0228485252527872,0.036188573309722194,0.006131431882501917,1,0.012764906546933,0.004417847486217855,0.0025296444290327192,1,0.0119728944566714,0.004083161237393274,0.0024976257207923115,1,0.0239623680524384,0.00745032202405831,0.0020377889415591553,1,0.1259692633702653,0.016380887421438724,0.007877738844051912,1
2019-12-09,0.0414742512201066,0.0016844949497386349,0.0037835705216271217,1,0.0209625754669971,0.03313682976306631,0.005118140077829552,1,0.0082892248357715,0.001013611818103527,0.0018718186154773426,1,0.0089333054441791,0.0012831240353170627,0.0018796470510082258,1,0.0203582653694056,0.005388343036742498,0.002308807241282493,1,0.1564595945944854,0.012768291004639417,0.007430295777858183,1
2019-12-10,0.0417022862129028,0.0035503903978583353,0.00303074729321302,1,0.0290583084479758,0.03290909892189743,0.005064790504562261,1,0.0038495109515283,-0.0006417068929206043,0.0017958488627576987,0,0.006037152179294,-0.00014692786514210188,0.0018005064860027546,0,0.0275175769597712,0.005202547134424797,0.002184317122783653,1,0.1482323602885033,0.009342707296073394,0.007318904556794342,1
2019-12-11,0.0435432209846243,0.0048137269916370806,0.0038006776649246762,1,0.0208571428571428,0.031263637061401055,0.005108054705249318,1,0.0027118776267601,-0.0033192138811261023,0.002285290607910007,0,0.0059633341015684,-0.002700655366866587,0.002271774249724232,0,0.0379822617701966,0.0033480474423876793,0.0028961045842038793,1,0.1427645131104257,0.011334667590224409,0.007254769046027796,1
2019-12-12,0.046194684077403,0.0027945741096125024,0.002836802712990959,1,0.0158640226628895,0.0315480115080333,0.0054113300571885965,1,0.000660272770264,-0.004820866763414025,0.002522921927509287,0,0.0020253582753192,-0.004497477976575492,0.002555255827698331,0,0.0288235533471201,-0.00047357942731688415,0.003128920893960938,0,0.1611134618320215,0.021345026036493523,0.014425667065771605,1
2019-12-13,0.0262454477027865,0.0082161027591478,0.002600706552509684,1,0.0125693044354838,0.006249109173133419,0.002611760030668676,1,-0.009539212241983,-0.0007828684860312161,0.0016379735296244708,1,-0.0078006983683118,-0.0006007478444642663,0.0016379813029210777,1,0.014634802807869,0.0005306370112930694,0.001766749317097922,1,0.1729417027117251,0.019397104980078392,0.01445904982992634,1
2019-12-16,0.0369853563222154,0.0076559117476550425,0.005223116976160182,1,0.051045837350257,-0.005214042319644045,0.0054029245203440854,0,-0.0018269927929711,0.0009828239414621607,0.002276995470303208,0,4.3993013801889695e-05,0.0007403607327378884,0.002319400465802242,1,0.0207140642259082,-0.003585937235230318,0.003391253206193075,0,0.1370748925978345,0.01648919551624268,0.017637408412867997,1
2019-12-17,0.0357398157122124,0.00704075583806149,0.003758867435736054,1,0.0416597188238619,0.0034053894089611176,0.002660229131718972,1,-0.0034718863498915,0.0031864548127595663,0.001884441771274144,0,-0.0017391196400607,0.0030298793260129485,0.0019089603857714598,0,0.030200930459776,0.003855987626676407,0.0017898546097396403,1,0.1307043568867276,0.01905291386653695,0.017253001645568308,1
2019-12-18,0.0430053274192195,0.010001512352309819,0.005611777299882985,1,0.0372872870814025,-0.005686456934347196,0.004884835220288504,0,-0.0115991272977356,0.000559712189903183,0.0021855560195956697,0,-0.0090243233157081,0.0005102731480581494,0.0021781597991599143,0,0.0233116645317573,0.0012592304212736688,0.003086288683506893,1,0.043743090109807,0.014870568650547582,0.01732669934501161,1
2019-12-19,0.0404633896666271,0.008344746506953628,0.005683638427222303,1,0.026794529308386,-0.004242960487163475,0.004064101929556563,0,-0.0193126904508664,0.001207756765095394,0.0020876184487041206,0,-0.0173941466966193,0.0009545157739121448,0.002088285753559743,0,0.0022242823714688,0.00017790405762399628,0.003075352765612517,1,0.0195958416239703,0.017108632800836916,0.017164131320280853,1
2019-12-20,0.0706520065963136,0.010370943824128854,0.007566074309617076,1,0.0613725070183637,0.0021713814007863225,0.008074738615874159,1,0.0084816391257379,-0.006145521266505485,0.006666563143296881,0,0.0073230688843377,-0.007568860282731295,0.006675826027118875,0,0.0158107771135913,-0.006426110484772319,0.006062704278985628,0,0.0448783599036166,0.02429839817040594,0.02343138120077394,1
2019-12-23,0.0447503956061719,0.010845870208012642,0.007365380506173333,1,0.0452444291526606,-0.004312194108608825,0.004096598094501206,0,0.0090174521169354,0.0035571825389190776,0.0024741200117907483,1,0.0083765184089569,0.0032535154352985895,0.0024950571590291112,1,0.0072390107986844,-0.0006443537844005396,0.0030809129852439974,0,0.0589206073170411,0.0003339802858829382,0.007683549000472374,1
2019-12-24,0.0525945512377501,0.007222703836509015,0.008518375657319256,1,0.0565627034635106,-0.00693640809133096,0.006611782356931257,0,0.0356863660785331,0.007749415288090359,0.004926383823277009,1,0.0380676602479317,0.008422149539033095,0.005062347154646124,1,0.0093297870238697,0.0037800035217520726,0.0047172943264061,1,0.0552219033922643,-0.0008694671780807867,0.011236799970200202,0
2019-12-26,0.0249725874319403,0.0062799817482102095,0.00790787034548902,1,0.0127142634033935,-0.011480402902689249,0.0060510025962632824,0,0.0222672035769819,0.006523646965121385,0.0035543487106022447,1,0.0228079071492393,0.006532854182246881,0.0036508785773108733,1,-0.011727783963486,0.0028308706021656473,0.0036850202698299043,0,0.0782988449622844,0.004402072982315094,0.008474741407212195,1
2019-12-27,0.0474331907401403,0.005425546597062894,0.00470816027198646,1,0.0095890985608991,-0.009713780661571789,0.0052877203265508585,0,0.0402369972511574,0.005396076263607541,0.0032129595437839454,1,0.0355465970813463,0.00532365465008114,0.0032682190563426416,1,0.0069186163074499,0.0013105118060430174,0.0034110734860445784,1,0.1477413298842732,0.0013697371147060704,0.007204871017450148,1
2019-12-30,0.0679474794077655,0.008489047832360685,0.004540897973651892,1,0.0320575726537052,-0.008060909435034711,0.005085481669363759,0,0.0674530465083389,0.0061589826060485554,0.0027671475570915168,1,0.0628841341405374,0.0057614394087689095,0.0028009720888430866,1,0.0339350125690098,0.002399591960732265,0.00310275896104742,1,0.1884938181182484,0.009679751329541516,0.007491001940693469,1
2019-12-31,0.0475627761354673,0.005388794656914516,0.0030872859541604615,1,0.0043520182291666,-0.005177714233480386,0.004499796624803138,0,0.0657298859015004,0.007364065278456978,0.0028759549649089284,1,0.0597369677739126,0.007228623474694117,0.002909079147976917,1,0.0161229221455791,0.007989069082374487,0.001878542585242229,1,0.1263839667761705,-0.003006935524325146,0.007375787088931787,0
